layer,feature,label,f1_score,detection_f1,fuzz_f1,f1_good,detection_f1_good,fuzz_good,top_positive_sentence,top_negative_sentence,all_top_positive_sentences
19,94,Proper nouns and technical terms in financial and business contexts,0.0,0.0,,False,False,False,"1 and 2022, AT&T spun off DirecTV, Time Warner, and many of its smaller media assets as it abandoned",,"1 and 2022, AT&T spun off DirecTV, Time Warner, and many of its smaller media assets as it abandoned its ill-advised dream|1,000 in AT&T right now?Before you buy stock in AT&T, consider this:TheMotley Fool Stock Advisoranalyst team just identified what they|Meta Platforms(META), IBM(IBM), AT&T(T)and Boeing(BA).Thursday(April 25):Microsoft, Google parent Alphabet(GO| and tech-related stocks that deserve to be bought instead of sold in April. Three of those includeAT&T(NYSE: T),Taiwan Semiconductor Manufacturing(N|The first supercharged dividend stock that billionaires were aggressively buying as they were simultaneously sending Nvidia to the chopping block is telecom titanAT&T(NYSE: T).|. economy and stock market are performing should lead to predictable cash flow for Pfizer and a reasonably safe floor for its shares.Finally, like AT&T, Pfizer's| also partnered with Customs and Border Protection to begin seizing incoming shipments of Elf Bar and other flavored e-vapor products.AT&TIf you're looking for stocks that| 35 new stores in fiscal 2024, bringing it closer to a long-term goal of operating 500 locations.Admittedly, the sluggish economy affected its| quarter, it was a loss of $4 million.Adjusted earnings before interest, taxes, depreciation and amortization for the first quarter at RXO was $|2% in 2025.Barclays upgradedAT&T(T)to Overweight from Equal Weight with an unchanged price target of $20. The firm says| she said when discussing measures to promote liquidity and competitiveness in the sec<|eot_id|>Continued from the article titled 'It's Time to Buy AT&T Stock Hand Over Fist|ley Fool<|eot_id|>Continued from the article titled 'It's Time to Buy AT&T Stock Hand Over Fist': by 19.5% in Q1 as|hangs.The good news for AT&T and its peers is that any possible costs tied to these allegations are years away. AT&T has refuted claims that its| may be one of the best investments for income-oriented investors.<|eot_id|>Continued from the article titled 'Better Dividend Stock: AT&T vs. Verizon': data| since 2002*.See the 10 stocks ¬ª*Stock Advisor returns as of April 15, 2024Leo Sunhas positions in AT&T,|, investors can confidently buy the stock, knowing that it still isn't back to historical valuation norms.Advertising is a great business to be in right now, which| (LLMs) to integrate into its products.Apple(NASDAQ: AAPL): In addition to current AI-powered<|eot_id|>Continued from the article titled '| in theS&P 500index as a starting point.Altria(NYSE: MO),AT&T(NYSE: T), andHealthpeak Properties| byAsian News International.Given the tense political climate surrounding the elections, it is uncertain how the outcome of the Indian elections will affect the Adani Group‚Äôs position|Continued from the article titled '1 Wall Street Analyst Thinks AT&T Stock Is Going to $20. Is It a Buy?':. The 10"
19,116,Boilerplate legal and disclaimer text in financial and news articles,0.0,0.0,,False,False,False, billion cash injection and offers current shareholders a larger stake of the combined company.Param,," billion cash injection and offers current shareholders a larger stake of the combined company.Paramount declined to comment on the Apollo/Sony report. Apollo and Sony did not immediately| stock.""Without that accounting correction, Carvana would have lost money.That being said, a profit's a profit, however one comes by it. Carvana also|, andVolkswagenall topped Tesla in self-driving technology.That doesn't mean Tesla's technology isn't on the verge of a significant breakthrough, but investors should| Kramm--UBS -- AnalystAshish Sabadra--RBC Capital Markets -- AnalystJeff Silber--BMO Capital Markets -- AnalystScott W| building a portfolio, regular updates from analysts, and two new stock picks each month. TheStock Advisorservice hasmore than quadrupledthe return of S&P| Manav Patnaik with Barclays. Your line is open.Manav Patnaik--Barclays -- AnalystThank you. I just wanted to ask on| and two new stock picks each month. TheStock Advisorservice hasmore than quadrupledthe return of S&P 500 since 2002*.See the|, S&P Global Market IntelligenceManav Patnaik--Barclays -- AnalystHeather Balsky--Bank of America Merrill Lynch -- AnalystMartina| Yefremov--KeyBanc Capital Markets -- AnalystArun Viswanathan--RBC Capital Markets -- AnalystMore DOW analysisAll earnings call transcripts| member of The Motley Fool's board of directors.Mark Roussin, CPAhas positions in Alphabet and Microsoft. The Motley Fool has positions in and recommends| That Billionaires Jim Simons, Ray Dalio, and Israel Englander Are Buying': portfolio.Bridgewater was more bullish on Alphabet than any other tech stock| with BMO Capital Markets. Your line is open.Jeff Silber--BMO Capital Markets -- AnalystThank you so much. I just wanted to continue with| market-juicing interest rate cuts from the Federal Reserve have started off 2024 with one piece of bad news after another. Three hot inflationreports, escalating|m--UBS -- AnalystElias Abboud--Bank of America Merrill Lynch -- AnalystMore TW analysisAll earnings call transcriptsThis article is a transcript of this| the region collectively raised $6 billion across 94 deals then, compared to only $0.4 billion last quarter.Funding LatAm fintech isless en| news article titled 'I'm More Excited About This Fintech Stock Than Ever Before -- Here's Why', published on 01 May, 2024|ley Fool‚Äôs board of directors.Reuben Gregg Brewerhas no position in any of the stocks mentioned. The Motley Fool has positions in and recommends Alphabet, Amazon|provides investors with an easy-to-follow blueprint for success, including guidance on building a portfolio, regular updates from analysts, and two new stock picks each month.|clays:Equal-weight rating, raised price target from $475 to $550TD Cowen:Buy rating, raised price target from $600 to $725| to Buy, a tool that unites all of TipRanks‚Äô equity insights.Disclaimer: The opinions expressed in this article are solely those of the featured analysts."
19,180,Boilerplate text and common financial article structures,0.0,0.0,,False,False,False," could take a long time as another Warren Buffett quote reminds us.Buffett once said, ""It takes 20 y",," could take a long time as another Warren Buffett quote reminds us.Buffett once said, ""It takes 20 years to build a reputation and five minutes to|000 in Uber Technologies right now?Before you buy stock in Uber Technologies, consider this:TheMotley Fool Stock Advisoranalyst team just identified what they believe are|Before you buy stock in Harmonic, consider this:TheMotley Fool Stock Advisoranalyst team just identified what they believe are the10 best stocksfor investors to| in Super Micro Computer right now?Before you buy stock in Super Micro Computer, consider this:TheMotley Fool Stock Advisoranalyst team just identified what they believe|ound AI right now?Before you buy stock in SoundHound AI, consider this:TheMotley Fool Stock Advisoranalyst team just identified what they believe are| you buy stock in Montrose Environmental Group, consider this:TheMotley Fool Stock Advisoranalyst team just identified what they believe are the10 best stocksfor investors|-Dollar Stock by 2030?': Business Machines right now?Before you buy stock in International Business Machines, consider this:TheMotley Fool Stock Advisoranal| the welcome mat for developers.""The internet behemoth was unveiling Amazon Web Services, which the company described as ""a platform for creating innovative web solutions and services designed|000 in Nvidia right now?Before you buy stock in Nvidia, consider this:TheMotley Fool Stock Advisoranalyst team just identified what they believe are the10| on April 18, 2024.Should you invest $1,000 in C3.ai right now?Before you buy stock in C3.ai, consider| you invest $1,000 in Spotify Technology right now?Before you buy stock in Spotify Technology, consider this:TheMotley Fool Stock Advisoranalyst team just| Caesars Entertainment right now?Before you buy stock in Caesars Entertainment, consider this:TheMotley Fool Stock Advisoranalyst team just identified what they|, consider this:TheMotley Fool Stock Advisoranalyst team just identified what they believe are the10 best stocksfor investors to buy now‚Ä¶ and SoFi Technologies| long haul.Should you invest $1,000 in Alphabet right now?Before you buy stock in Alphabet, consider this:TheMotley Fool Stock Advisoranalyst team| in General Motors right now?Before you buy stock in General Motors, consider this:TheMotley Fool Stock Advisoranalyst team just identified what they believe are the|1,000 in Realty Income right now?Before you buy stock in Realty Income, consider this:TheMotley Fool Stock Advisoranalyst team just identified what they| buy stock in Costco Wholesale, consider this:TheMotley Fool Stock Advisoranalyst team just identified what they believe are the10 best stocksfor investors to buy now| consider this:TheMot<|eot_id|>Continued from the article titled 'Dow (DOW) Q1 2024 Earnings Call Transcript': billion, $6| invest $1,000 in Walt Disney right now?Before you buy stock in Walt Disney, consider this:TheMotley Fool Stock Advisoranalyst team just identified|.Should you invest $1,000 in Advanced Micro Devices right now?Before you buy stock in Advanced Micro Devices, consider this:TheMotley Fool Stock Advisoranal"
19,192,"Financial news and stock analysis headers, tickers, and boilerplate text",0.0,0.0,,False,False,False,".macro, given where you anticipate USGC operating rates to be on a sequential basis, what's Dow's vi",,".macro, given where you anticipate USGC operating rates to be on a sequential basis, what's Dow's view of this? We all know what the consensus|5 Years?': 3, for example, Iovance incurred R&D costs of $344 million versus $295 million in the previous year.Now that A| data.Amazon's logo on a delivery truck, taken in Manhattan on Sept. 16, 2023. (Michael Kappeler/picture alliance via| 'Why O'Reilly Automotive Stock Sank Today': uation.Should you invest $1,000 in O'Reilly Automotive right now?Before you buy stock|Service18%12%Platform and Other36%11%Marketing and Commerce21%9%Integration and Analytics16%20%Total22%11%Data| it.If you're interested, bidding starts May 1. NeedtoKnow.co.uk reports the pre-auction estimate at $1.86 million.And if it| 18 April, 2024. It covers the following details: Fool.com contributor Parkev Tatevosian answers ifSentinelOne(NYSE:| the first negative growth ever reported.‚ÄúWe‚Äôve reached a threshold of market intolerance,‚Äù said Karl Brauer, auto industry analyst atiSeeCars.com. ‚ÄúThe|lassify MarijuanaTesla Axes Most of Superch<|eot_id|>Continued from the article titled 'Why Woodward Stock Is Soaring Higher Today':, the stock can still move|.Revenue, excluding traffic acquisition costs, rose 16% from the same period last year to $67.59 billion, beating analyst expectations of $66.| 29 April, 2024. It covers the following details: Fool.com contributor Parkev Tatevosian evaluatesIntel(NASDAQ: INTC)| includeCoca-Cola(NYSE: KO),Occidental Petroleum(NYSE: OXY), andAmerican Express(NYSE: AXP).The list| Al<|eot_id|>Continued from the article titled 'This Is the Cheapest AI Stock I Know': print for success, including guidance on building a portfolio, regular updates|.As part of an interview with etf.com, Scarsciotti highlighted some of his recentresearchon advisor portfolios andasset allocation patternsthat he is seeing| see below or visitIPO-Edge.comContact:IPO Edgewww.IPO-Edge.comEditor@IPO-Edge.com<|eot_id|>Continued from the|ofinance.com.Story continuesClick here for the latest stock market news and in-depth analysis, including events that move stocksRead the latest financial and business news from|/dma-gatekeepers-named https://techcrunch.com/2024/03/25/dma-first-formal-probes<|eot_id|>Continued from the|, 2024. It covers the following details: Fool.com contributor Parkev Tatevosian reviews what the latest news could mean forRivian(N| mentioned. The Motley Fool has adisclosure policy.Investors Are Chasing the Biggest Names in Artificial Intelligence. But These 2 Lesser-Known Companies| Motley Fool has positions in and recommends Amazon, MercadoLibre, and Vertex Pharmaceuticals. The Motley Fool has adisclosure policy.Want $1"
19,215,Business and technology sector entities and their performance or growth,0.0,0.0,,False,False,False, Docebo has earned a leadership position in the corporate learning management market through laser-f,," Docebo has earned a leadership position in the corporate learning management market through laser-focused innovation and differentiated products.For instance, Docebo was among the first education| the internal learning management system (LMS) market, taking share from legacy vendors, but it is also leading the market in a greenfield external learning opportunity,""|. Gemini 1.5 outperforms it in benchmark tests, such as the massive multitask language understanding test, the first model to outperform human experts| could continue its remarkable growth streak over the next few decades. Consider just the enterprise software services segment that's anchored by its Azure platform. Microsoft has a strong footh| to buy now‚Ä¶ and Columbia Banking System wasn‚Äôt one of them. The 10 stocks that made the cut could produce monster returns in the coming years.Consider| Intel has the tools to become the world's No. 2 foundry services provider by the turn of the decade.With Intel's EPS expected to nearly quadruple| dominant position as well as pad profitability.Amazon is also the leading cloud services provider, and its AI tools for code developers and Amazon Web Services (AWS) clients|'s leading technology stocks, including those driving the artificial intelligence (AI) boom.Image source: Getty Images.The iShares Expanded Tech Sector (IGM) ETF just| from planes and cars to home electrification.The potential of hydrogen fuel cell systems is clearly huge. According to global consulting firm Deloitte, ""Decarbonising| quarter.Growth in subscription revenue will only enhance the company's already stellar profitability. Alphabet converted all these revenue streams, including its burgeoning cloud services business, to $|, feed case for Fed to 'take its time'A closely tracked wage growth metric hit its highest level in a year during the first quarter, fueling concerns that| access it quickly.Bank of America's investor services businesses are firing on all cylinders too. Its Global Wealth and Investment Management arm's revenue grew 5% in|eb Markets (TW) Q1 2024 Earnings Call Transcript': complementing our CLOB and streaming protocols. While the central limit order book continued to| train future generative AI models.¬†The relationship with Anthropic should serve as a bellwether to accelerate growth -- particularly in the cloud computing arena.Story| in Singapore.Shell has implemented company-wide staff reductions, including in its low-carbon solutions division, as it seeks to save $3bn annually.The company is| and businesses more effectively. The Google Cloud side of the company in particular could have incredible growth potential. The global cloud computing market is expected to roughly quadruple in|): Key player in liquid cooling technology, forecasting double-digit business growth within the Data Solutions sector.Caterpillar Inc. (NYSE:CAT): Construction equipment company capable| growth in our LSEG market data contract and proprietary data products. Turning to Slide 6.I will provide a brief update on two of our focus areas, U|ing forward, the learning management systems market is forecast to grow at 2<|eot_id|>This is a news article titled 'CPI Comes in Hot: Is SoFi| 2020 to 40.8% in 2022.Arm‚Äôs market share in the networking equipment market grew from 18.8% in "
19,272,"Phrases indicating financial metrics, company performance, and economic indicators",0.0,0.0,,False,False,False, 2.2%Having tech stocks lead the charge for the Vanguard S&P 500 ETF has done well for it over the p,," 2.2%Having tech stocks lead the charge for the Vanguard S&P 500 ETF has done well for it over the past decade.Story continuesVO|-specific volatility and downturns.Some of the top AI companies globally leading the wayThe tech portion of the Fidelity Nasdaq Composite Index ETF includes some of the world| you prefer to keep things simple and only want an index fund.Should you invest $1,000 in SPDR S&P 500 ETF Trust right now?Before| invest a lump sum now or later.Should you invest $1,000 in Vanguard S&P 500 ETF right now?Before you buy stock in Vanguard S&P| returns, but that's largely because the growth focus of the Schwab U.S. Large-Cap Growth ETF excludes companies that focus more on dividends.SCHG| It covers the following details: (Bloomberg) -- Azul SA‚Äôs pursuit of a merger with Gol Linhas Aereas Inteligentes SA has gained|. Large-Cap Growth ETF right now?Before you buy stock in Schwab Strategic Trust - Schwab U.s. Large-Cap Growth ETF, consider this| expects the following milestones for the dalzanemdor (SAGE-718) Phase 2 clinical development program in 2024:Topline data from the| report.But cutting through the noise, this point by Pivotal Research's Jeff Wlodarczak is the most important thing to take away on Netflix at|-718) further in Parkinson‚Äôs Disease.The company expects the following milestones for the dalzanemdor (SAGE-718) Phase 2 clinical development program| ETF, you're going to get a favorable average share price over time. A strategy like this is a far better way to invest than trying to decide whether to|ors familiar withMoody's Corporation(NYSE: MCO)may be surprised to see the stock in this article's ""avoid"" portion, even though|/E) ratioversus its forward P/E, you can calculate the expected earnings growth rate for the year.NVDA PE Ratio ChartFor Nvidia, that's| a computer screen scouring the internet for the next market-beating winner.Should you invest $1,000 in SPDR S&P 500 ETF Trust right now|ors are flying that the early sales of Apple's new Vision Pro mixed-reality headset are disappointing. Analyst Ming-Chi Kuo wrote, ""Apple cut orders| agree with her, at least she backs up her forecasts by making them public.Wood's largest position across all of her exchange-traded funds (ETFs)| ETFs is a little at a time, not all at once.One excellent strategy is to invest equal amounts of money at certain intervals. This is known as dollar|DR S&P 500 ETF is that you can trade it all day like a stock, while mutual funds can only be traded once a day at the end of| was first published on the Benzinga India portal. The probable entry of Tesla Inc. (NASDAQ: TSLA) into the Indian market is seen as| - Vanguard S&P 500 Growth ETF right now?Before you buy stock in Vanguard Admiral Funds - Vanguard S&P 500 Growth ETF, consider this:TheMot"
19,311,"Phrases indicating analysis, discussion, or presentation of financial metrics or reports",0.0,0.0,,False,False,False,".The study, conducted by Independent Advisor, delved into Auto Trader, the second-hand car online ma",,".The study, conducted by Independent Advisor, delved into Auto Trader, the second-hand car online marketplace, to examine the prevalence of 12 top car brands in| Q3 2023 to assess popularity. A ratio of listings to registrations was calculated to gauge demand and retention.The percentage of listings compared to registered cars was used| in an industry, talk to competitors, and even turn to ‚Äúforensic accountants‚Äù to find hidden weaknesses in the books.No need in Trump Media‚Äôs case| keeps close tabs on all major mutual funds, regularly reporting how many of them outperform their benchmark indexes. Most of the time the majority of them don't.| market. Eventually, the cream rises to the top, and SentinelOne is among the best security products. It's a regular high-performer on third-party benchmark| contributor Parkev Tatevosian evaluatesTesla's(NASDAQ: TSLA)balance sheet to assuage investor concerns about financial distress.*Stock prices| such as TMTG, because any price target they set on them based on scrutiny of their financials is bound to be much lower than what speculative trading drives|ificent Seven stocks, Amazon (NASDAQ:AMZN) and Meta Platforms (NASDAQ:META), using TipRanks‚Äô Comparison Tool below to see which is better|ings (P/E) ratio to value the company<|eot_id|>This is a news article titled 'Stock market today: Indexes rise as traders try to shrug off|, variations may exist in other platforms. The study's data is accurate as of 26/03/2024.""Porsche 911 dominates resale market:|oarthritis medicine for dogs, the investigation will consider whether Zoetis acquired a peer with a similar product only to shut it down shortly after. Zoet| designations, it took around eight months to conclude this qualitative look at the tablet platform. The Commission confirmed this is the first, and so far only, market| with risk should allocate a percentage of their portfolios to Bitcoin. Ark Invest recently published a Sharpe Ratio analysis suggesting an allocation of 19.4% was optimal| and benchmarking.Today, we published the results of our annual benchmarking update, once again demonstrating our strong performance and value creation relative to our peers. The results| a slowdown from the 303,000 in March. Investors will be closely watching this report to determine the health of the U.S. labor market.In other news| $2,000 by 2027 -- implying roughly 1,068% upside from current trading levels.Let's dive into Wood's report and assess Tesla| the market.The Supreme Court agreed to hear a plea in February 2023, setting up a panel to investigate the allegations. The panel scrutinised whether the group| future.Its investigation also found that both end users and business users are ""locked-in"" to using iPadOS. ""Apple leverages its large ecosystem to disin| It's aiming to reach a range of 600 miles and a charge time of under 30 minutes with its next generation of batteries.Volkswagen's latest tests| say that with a lot of rigor in terms of the analysis.So we're going to continue to innovate with protocols, connecting our markets. We believe we provide a"
19,351,Punctuation marks and structural elements in financial and investment contexts,0.0,0.0,,False,False,False,ven morefrom the upcoming launches than Nvidia and Intel. That's because these companies only genera,,"ven morefrom the upcoming launches than Nvidia and Intel. That's because these companies only generate growth through the sales of their own new products -- but Supermicro may| Best for You?': visoranalyst team just identified what they believe are the10 best stocksfor investors to buy now‚Ä¶ and Vanguard S&P 500| market shows ‚Äústrong‚Äù growth but lags behind other spirits': ahi peerKirin‚Äôs acquisitionof Australian spirits maker Four Pillars through its Oceania| Have Between 115% and 127% Upside, According to Select Wall Street Analysts': u is flush with cash (over $28 billion in cash| extremely bearish development. Many traditional investors would correctly conclude that the Dogwifhat community must have appeared as too immature, disorganized, or rambunct|the return of S&P 500 since 2002*.See the 10 stocks ¬ª*Stock Advisor returns as of April 15, 2024S|)üè¶Gov +1.2%üìâPCE#inflation&cudarrr;Ô∏èHeadline 2.6%|Brainer EV Stocks to Buy With $1,000 Right Now': ated to deliver 100,000 EDVs to Amazon by 2030. So| able and willing to collaborate spontaneously.Dogwifhat is once again another pertinent example. Without any management team, all it has is the efforts of its community| Nasdaq Will Roar Higher This Year. My Top Growth Stock to Buy Before It Does.': ia created CUDA, a parallel computing platform that allows GPUs to be|': ing this unmet need head-on is critical, and while there are pharmaceutical treatments for the excessive sleepiness associated with OSA, tirzepatide|17 April, 2024. It covers the following details: monsitj/Getty ImagesThe bull market in stocks is alive even as investors fret over numerous head| do in the worst': quality investment products compared with just39%of women, according to a study from financial planner Principal.‚ÄúYou pull all of that together,|Continued from the article titled 'Learning From Losses: Charles Harris's Lessons From Making (And Losing) Seven Figures On Tesla Stock': ons From Making (| by China have dra<|eot_id|>Continued from the article titled 'Could Salesforce Stock Help You Become a Millionaire?': adisclosure policy.Could Salesforce Stock Help| 'Does This Acquisition Make Vertex Pharmaceuticals Stock a Buy?': say that povetacicept will be nearly as successful as Keytruda, but one can| and 2x annual sales, RTX is<|eot_id|>Continued from the article titled '3 Relatively Safe Growth Stocks You Can Buy and Hold': tex a| article titled 'Want Exposure to the Hottest AI Stocks? Buy This ETF Hand Over Fist.': ity Commonwealth Trust - Fidelity Nasdaq Composite Index ETF| manipulation'': ion Services and Jane Street Capital did not immediately provide any comment.Nasdaq did not immediately respond to a Reuters request for comment.A Nasdaq spokesperson| ige or another opportunity with the same nonexistent work-life balance.My last day was in March, exactly a month from the day I fainted. After quitting,"
19,374,"Investor-related activities, concerns, and interactions in financial contexts",0.0,0.0,,False,False,False, index.)While I'll pay slightly more in fees with Avantis than other pure small-cap value index fund,," index.)While I'll pay slightly more in fees with Avantis than other pure small-cap value index funds, the cost is worth it to me. An investor| No. 1 rule. While an investor may at times bend a few of their other investing rules, one should never stray from the core principle of their portfolio| a customer should pay based on their likelihood of making a claim, switching insurers, and purchasing multiple policies. It also helped Lemonade identify underperforming products and|-border transfers for customers sending and receiving money across approximately 31 markets globally.Michael Howard, CEO, VMTS, said: ‚ÄúPurposeful partnership is an|: GOOG)andMicrosoft(NASDAQ: MSFT)are solid companies that generate billions in profits every year. An investor can buy one share of either| consumers. If I want an energy drink, I am going to the cooler section at 7-11.The company has ramped up efforts to cater to the| periods of time.The average investor might have their eyes on this beverage stock because Warren Buffett-ledBerkshire Hathawayis alarge shareholder. The Oracle of Omaha| at a price of $80 billion (its current market capitalization) or 80 billion shares trading for $1. An investor will make money if the company| $6,000 / $0.60 = 10,000 sharesSo, an investor would need to own approximately $120,400 worth of Ford,| watchmakers as leaders. Both named brands such asCartier, Patek Philippe and Piaget as ones reigning in popularity among Christie‚Äôs clients.‚ÄúThe consumer| best stock apps in May 2024': the ability to trade on margin. While the average investor may not need all this, experienced traders will find Webull|'s special features like systems tailored to a customer's needs and its own liquid-cooling technology should keep orders flowing in as well.So, yes, Nvidia and Intel|!""The rise of smart packagingThe integration of technology into packaging, or smart packaging, is a growing trend. Ellis discusses how this can enhance the consumer experience in| Best Dividend Stock for You?': is dividend growth or if you are a growth-and-income investor. However, a problem arises for investors that are looking to| services to businesses and customers outside of MercadoLibre.The company extended that innovation to order fulfillment and delivery through Mercado Envios. This allowed it to package| easily query it or enhance it by introducing third-party data from its marketplace. Snowflake integrates with the major cloud platforms, so combining cloud computing with customers' data| of a sudden you start to get some real kind of momentum in terms of the client activity. So thanks very much, Kyle, for your question. Appreciate|) Stock Cathie Wood Loves':.It currently has five treatments in phase 2 clinical trials. Each one treats a patient population of less than 1 million| interacting across the various protocols, and we're working on ways to try to make it easier for clients to access those protocols within Tradeweb in terms of doing| addition to investors' portfolios. For perspective, $6,000 annual investments that average 12% annual returns would add up to over $430,000 in"
19,375,Multi-token phrases indicating specific technical or medical conditions,0.0,0.0,,False,False,False, category mix shift from simple services such as translation and voice-over to more complex services,," category mix shift from simple services such as translation and voice-over to more complex services such as mobile app development, e-commerce management or financial consulting.""Does that sound| and convenience stores in the top two spots.Realty Income runs an efficient business that's managing well despite inflation and a dismal real estate market, and it maintains an|owleroandproviding funding to buildan indoor water park and a couple of destination golf courses. The company's growing portfolio has enabled itto increase its| making inroads, while tea house Tea'stone is giving the tea-drinking country an upscale experience based around the nation's favorite hot beverage.Image source: Getty|, hybrids and EVs both drive good demand, data centers, chips, thermal management for silicones is big.So the only thing that's a little bit slow| bookkeeping. Intuit also strives to upsell small businesses with adjacent services for financing, marketing, payroll, and payment processing.Intuit looked strong in the second| like Excel, PowerPoint, and Word, while the latter includes tools for sales, customer service, and supply chain management. In total, Microsoft accounted for 18| can transcribe patient-to-physician conversations.Meanwhile, Amazon is even using AI to boost its retail site and announced an AI shopping assistant dubbed Rufus| such as translation and voice-over to more complex services such as mobile app development, e-commerce management, or financial consulting,"" CEO Micha Kaufman said in February's| that even as labor supply has improved, ""many districts described persistent shortages of qualified applicants for certain positions, including machinists, trades workers and hospitality workers.""| as the name behind its popular namesake cola. Sprite, Schweppes ginger ale, and Barq's root beer are also part of its soda family.There| specify their computing load sizes and specialty. So, whether a client wants to dedicate their server to running large workload AI models or smaller engineering simulation workloads, Super| conditioning units. Other shops sell brand-new electronics alongside old, refurbished items.The bustle is emblematic of a world that isproducing more e-waste than| learning content. The company plans to add more features this year, including a natural language interface that further simplifies content creation, and virtual role-play technology that provides| funding for its growth ambitionsCoupang Wow members will now receive free shipping, 30-day returns, grocery delivery, discounts on restaurant orders and deliveries, and|,300 tenants span 86 different industries. However, they're concentrated in ""essential"" categories like grocery stores, convenience stores, and home improvement. Its top| higher. But if the R2 platform, or even the future R3 crossover SUV that will follow, are a hit with EV buyers, Rivian's stock| gas liquids (NGLs), and crude oil): Gathering, stabilizing, and transporting.Produced water: Gathering and disposal.Western Midstream earns fees| that sent those ""Magnificent Seven"" stocks skyward last year also generated heavy demand for semiconductor manufacturing services. From memory chips to AI accelerators, the chip| Generative AI controller that can be used for things like content generation and sentiment analysis.Generative AI is emerging as a key growth driver for the company, and CEO"
