feature_id,label,label_score,positive_sentences,negative_sentences
22981,"Analyst sentiment, specific reference: Fed",0.7499998769714784,"said he believes analysts are ""Fed watching way too|he believes analysts are ""Fed watching way too much|believes analysts are ""Fed watching way too much right|analysts are ""Fed watching way too much right now|are ""Fed watching way too much right now.""|Are AboutPhoto: ShutterstockLatest Ratings for|AboutPhoto: ShutterstockLatest Ratings for NFL|6 billion. The adjusted-earnings estimate also got|billion. The adjusted-earnings estimate also got a|declared a 5%growth in the regular quarterly|a 5%growth in the regular quarterly dividend|5%growth in the regular quarterly dividend to|share analysts were expecting.On theearnings call, CEO|analysts were expecting.On theearnings call, CEO Sat|were expecting.On theearnings call, CEO Satya|expecting.On theearnings call, CEO Satya Nad|5, compared to prior guidance of|, compared to prior guidance of $|compared to prior guidance of $8|to prior guidance of $8.","company figures to have a bright future in AI as its|.We'll get an update from Arm next month when|10 stocks that made the cut could produce monster returns|the cut could produce monster returns in the coming years.C|cut could produce monster returns in the coming years.Cons|2002*.Story continuesSee the|2002*.Story continuesSee the 1|2*.Story continuesSee the 10 stocks »|In this March 21, 201|high.Major averages ticked higher at the open|or averages ticked higher at the open as traders looked|dipped.Stocks tumbled this week as investors continued|Stocks tumbled this week as investors continued to digest|2,387.25 per ounce|as a handful of big techs sold off — despite|handful of big techs sold off — despite a slide|slide in bond yields.Most Read from BloombergD|yields.Most Read from BloombergDubai Gr|from BloombergDubai Grinds to Standstill|about navigating client portfolios through the current market environment"
35158,"Post-earnings reactions, specific reference: earnings",0.7183325694035387,"indexes dropped last week afterinflation came in hotter|dropped last week afterinflation came in hotter-than|last week afterinflation came in hotter-than-ex|week afterinflation came in hotter-than-expected|iti says.A bullishstock market signal just hinted|says.A bullishstock market signal just hinted at|.A bullishstock market signal just hinted at|The adjusted-earnings estimate also got a tweak|adjusted-earnings estimate also got a tweak.|Citi says.A bullishstock market signal just hint|Major indexes dropped last week afterinflation came in hot|now, the company's recentearnings callmade clear|, the company's recentearnings callmade clear that|the company's recentearnings callmade clear that it|company's recentearnings callmade clear that it would|'s recentearnings callmade clear that it would accelerate|quarter, with earnings lagginganalyst' expectations.|, with earnings lagginganalyst' expectations. Core|with earnings lagginganalyst' expectations. Core income|earnings lagginganalyst' expectations. Core income per","sell-off in artificial intelligence (AI) stocks. Arm|-off in artificial intelligence (AI) stocks. Arm was|half of the year and accelerate in 202|company figures to have a bright future in AI as its|AI as its CPU architecture is favored by companies like N|comes out. Until then, expect continued volatility from the|, expect continued volatility from the stock as investors weigh its|.Should you invest $1,000 in Arm|this list on April 15, 20|See the 10 stocks »*Stock Advisor|April 15, 2024Jer|, 2024Jeremy Bowmanhas no|2024Jeremy Bowmanhas no position|2024Jeremy Bowmanhas no position in|no position in any of the stocks mentioned. The Mot|and recommends ASML, Nvidia, and Taiwan Sem|adisclosure policy.Why Arm Holdings Stock Took|closure policy.Why Arm Holdings Stock Took a D|Kaster/APUS stocks rose Wednesday as traders tried|stocks rose Wednesday as traders tried to move past Jerome Powell"
5391,"Analyst sentiment, specific reference: Tesla",0.5884512709159844,"(NYSE: BA)stock isn't a candidate|YSE: BA)stock isn't a candidate for|SE: BA)stock isn't a candidate for inclusion|,000.Theanalyst is more bullish|000.Theanalyst is more bullishon|00.Theanalyst is more bullishon other|0.Theanalyst is more bullishon other Chinese|just had a good post-earnings chat with B|: Tesla(TSLA)shares stumbled badly until|Tesla(TSLA)shares stumbled badly until this|(TSLA)shares stumbled badly until this week|TSLA)shares stumbled badly until this week amid|LA)shares stumbled badly until this week amid falling|ical ideal called ""price stability,"" aligned with an equally|ideal called ""price stability,"" aligned with an equally ep|were expecting.On theearnings call, CEO Satya|expecting.On theearnings call, CEO Satya Nad|.On theearnings call, CEO Satya Nadella|(META) revenueforecast rattled investorseye|META) revenueforecast rattled investorseyeing","intelligence (AI) stocks. Arm was the worst performer|Arm was the worst performer of the group as its shares|, has seen revenue growth accelerate from the breakout technology|out technology.However, ASML's update this morning|, Arm got hit hard on the news.Image source:|Images.ASML reported a sharp decline in revenue,|SML reported a sharp decline in revenue, and its|February after it promised accelerating revenue growth due to AI-related|due to AI-related demand.What's next for Arm|ping revenue growth as its collaboratorNvidia. Still|AI as its CPU architecture is favored by companies like N|is favored by companies like Nvidia, in part because|earnings report comes out. Until then, expect continued volatility|expect continued volatility from the stock as investors weigh its valuation|Arm Holdings wasn’t one of them. The 1|Nvidiamade this list on April 15|Advisorprovides investors with an easy-to-follow|provides investors with an easy-to-follow blueprint|ides investors with an easy-to-follow blueprint for|on rate cuts. Inpublic remarkson Tuesday, Federal"
19339,"Valuation ratios, specific reference: Baidu",0.461559430176984,economy by gross domestic product (GDP). It's|by gross domestic product (GDP). It's evident|gross domestic product (GDP). It's evident that|domestic product (GDP). It's evident that Ba|vidia's forward price-to-earnings (P/E|'s forward price-to-earnings (P/E)|forward price-to-earnings (P/E) ratio|price-to-earnings (P/E) ratio and|product (GDP). It's evident that Baidu|from its initial public offering (IPO) 1|its initial public offering (IPO) 10|initial public offering (IPO) 10 years|public offering (IPO) 10 years ago|. Security and Exchange Commission (SEC) could not access|Security and Exchange Commission (SEC) could not access the|and Exchange Commission (SEC) could not access the company|Exchange Commission (SEC) could not access the company's|a cheap-looking price-to-earnings multiple (P|cheap-looking price-to-earnings multiple (P/E|-looking price-to-earnings multiple (P/E),"""Markets need to focus on the fact that rates|ets need to focus on the fact that rates are sufficiently|that rates are sufficiently restrictive, instead of how many cuts|rates are sufficiently restrictive, instead of how many cuts are|of how many cuts are in the pipeline,"" he added|cuts are in the pipeline,"" he added.Bond yields|However, over the years with the|cash bonds in many quarters. I am getting closer.|high as 21.79, its highest|investors adjusting portfolios in response to the recent rise|the past two years, correlation levels have been historically muted|past two years, correlation levels have been historically muted,|years, correlation levels have been historically muted, even lower|been historically muted, even lower than what we saw in|higher than the previous decade for longer than many initially hoped|] and still have strong employment, but most importantly,|applications increased 3.3% from the prior week|rates continue to rise.""Mortgage rates have been|ates increased for the second consecutive week, driven by incoming|concern creeping in on the Street on the back half"
32045,"Valuation ratios, specific reference: price-to-earnings",0.6474598589461926,"at a modest price-to-earnings ratio of|a modest price-to-earnings ratio of 2|modest price-to-earnings ratio of 23|price-to-earnings ratio of 23 despite|Citi says.A bullishstock market signal just hint|iti says.A bullishstock market signal just hinted|says.A bullishstock market signal just hinted at|.A bullishstock market signal just hinted at|-to-earnings ratio of 23 despite the|Major indexes dropped last week afterinflation came in hot|indexes dropped last week afterinflation came in hotter|dropped last week afterinflation came in hotter-than|-to-earnings (P/E) ratio and price|vidia's forward price-to-earnings (P/E|'s forward price-to-earnings (P/E)|forward price-to-earnings (P/E) ratio|price-to-earnings (P/E) ratio and|at aforward price-to-earnings (P/E|, at a price-to-earnings (P/E|at a price-to-earnings (P/E)","4Jeremy Bowmanhas no position in any of the|Motley Fool has positions in and recommends ASML|and recommends ASML, Nvidia, and Taiwan Sem|, Nvidia, and Taiwan Semiconductor Manufacturing.|024. It covers the following details: In|tried to move past Jerome Powell's hawkish commentary|indexes stood at the 9:30 a.m|0.95, up 0.51|dropped three basis points to 4.626|4.626%.Bitcoinsl|41.Read the original article onBusiness Insider|original article onBusiness Insider|ering Clients Through Unstable MarketsPaul Schatz,|back. I wouldn’t read too much into that.|too much into that. Contrary to popular belief,|into that. Contrary to popular belief, elections have|. Contrary to popular belief, elections have almost no|apt to hedge the downside or own low volatility instruments|outcomes like buffered ETFs.JB: Are you|ETFs.JB: Are youinvesting"
13266,"Valuation metrics, specific reference: Baidu",0.5340472131719673,"economy by gross domestic product (GDP). It's|by gross domestic product (GDP). It's evident|gross domestic product (GDP). It's evident that|domestic product (GDP). It's evident that Ba|product (GDP). It's evident that Baidu|part of our businesses and aftermarket services, representing|of our businesses and aftermarket services, representing 7|our businesses and aftermarket services, representing 70|businesses and aftermarket services, representing 70%|average forward-looking price-to-earnings ratio of|forward-looking price-to-earnings ratio of 1|-looking price-to-earnings ratio of 17|price-to-earnings ratio of 17).|-to-earnings ratio of 17). It|people seem to care aboutstock splits, so much so|seem to care aboutstock splits, so much so that|to care aboutstock splits, so much so that we|of people seem to care aboutstock splits, so much|East, risingoil prices, robustretail sales|, risingoil prices, robustretail sales numbers",".Should you invest $1,000 in Arm|:TheMotley Fool Stock Advisoranalyst|Jeremy Bowmanhas no position in any of the stocks|soaring.Stop thinking your expensive watch is an investment,|aring.Stop thinking your expensive watch is an investment, Role|omberg) -- The stock market saw its longest losing|) -- The stock market saw its longest losing streak since|bergDubai Grinds to Standstill as Cloud|Dubai Grinds to Standstill as Cloud Se|inds to Standstill as Cloud Seeding Worsens|to Standstill as Cloud Seeding Worsens Flood|iders Bankruptcy to Deal With Leases and Labor|&P 500 closed lower for a fourth straight|500 closed lower for a fourth straight day|falls almost 4%': price, fell below $|almost 4%': 10-year Treasury yield|early trade on WednesdayUS stocks rose on Wednesday, with|WednesdayUS stocks rose on Wednesday, with the S&P|ing a comeback as investors put interest rate worries on the|almost 4%': at 4:15"
31794,"Economic indicators and market signals, specific reference: GDP",0.3581670154542363,"economy by gross domestic product (GDP). It's|by gross domestic product (GDP). It's evident|gross domestic product (GDP). It's evident that|domestic product (GDP). It's evident that Ba|product (GDP). It's evident that Baidu|will be two (Fed) cuts, to one|be two (Fed) cuts, to one then|two (Fed) cuts, to one then to|for either extreme, some analysts are|either extreme, some analysts are seeking|Citi says.A bullishstock market signal just hint|iti says.A bullishstock market signal just hinted|says.A bullishstock market signal just hinted at|SE: GL)stock plummeted by more than|: GL)stock plummeted by more than|and earnings (make that ""losses"")The news|earnings (make that ""losses"")The news wasn|(make that ""losses"")The news wasn't|make that ""losses"")The news wasn't all|.Although its price-to-earnings (P/E","stockshave soared in recent months, and Arm|ared in recent months, and Arm has been among the|That, in turn, could be a warning sign for|0 and isn't putting up the kind of eye-pop|Still, the company figures to have a bright future in|stocks that made the cut could produce monster returns in the|provides investors with an easy-to-follow blueprint|The Motley Fool has positions in and recommends AS|Chair Powell said the inflation fight appears to have stalled,|the inflation fight appears to have stalled, and central bank|stalled, and central bankers needed more confidence inflation was|bankers needed more confidence inflation was on track to fall|Powell's comments in Washington, DC, yesterday, material|DC, yesterday, materially reduce the chance of a|a mistake, and the risk of an unwanted recession is|the risk of an unwanted recession is rising. But we|is rising. But we don't have our hands on|we don't have our hands on the policy levers|levers.""""The Fed picked a bad time to have|ions in Breakup Fees for Ditching New"
12740,"Analyst Sentiment, specific reference: Jerome Powell",0.332104315923852,"TSLA)stock investors.*Stock prices used were the|ued from the article titled 'Fed Chair Jerome Powell|from the article titled 'Fed Chair Jerome Powell has|the article titled 'Fed Chair Jerome Powell has an|article titled 'Fed Chair Jerome Powell has an ‘|titled 'Fed Chair Jerome Powell has an ‘un|average forward-looking price-to-earnings ratio of|Q: RIVN)stock has dropped far enough|: RIVN)stock has dropped far enough.U|RIVN)stock has dropped far enough.UBS|IVN)stock has dropped far enough.UBSanal|has dropped far enough.UBSanalyst Joseph Spak|dropped far enough.UBSanalyst Joseph Spak upgraded|for either extreme, some analysts are|either extreme, some analysts are seeking|extreme, some analysts are seeking price|is a news article titled 'Fed Chair Jerome Powell|a news article titled 'Fed Chair Jerome Powell has|news article titled 'Fed Chair Jerome Powell has an|article titled 'Fed Chair Jerome Powell has an ‘","artificial intelligence (AI) stocks. Arm was the worst|of the most expensive in the sector, Arm got hit|source: Getty Images.ASML reported a sharp|.ASML expects revenue growth to improve in the second|expects revenue growth to improve in the second half of the|growth to improve in the second half of the year and|5, but the update shows that demand from chip manufacturers|have a bright future in AI as its CPU architecture is|AI as its CPU architecture is favored by companies like N|by companies like Nvidia, in part because it requires|an update from Arm next month when its fiscal fourth-qu|update from Arm next month when its fiscal fourth-quarter|from Arm next month when its fiscal fourth-quarter earnings|Arm next month when its fiscal fourth-quarter earnings report|-follow blueprint for success, including guidance on building|ollow blueprint for success, including guidance on building a|including guidance on building a portfolio, regular updates from analysts|.Why Arm Holdings Stock Took a Dive Today|bankers needed more confidence inflation was on track to fall|more confidence inflation was on track to fall to its"
33665,"Analyst sentiment, specific reference: RIVN",0.37800682482474707,"Q: RIVN)stock has dropped far enough|: RIVN)stock has dropped far enough.U|RIVN)stock has dropped far enough.UBS|IVN)stock has dropped far enough.UBSanal|has dropped far enough.UBSanalyst Joseph Spak|dropped far enough.UBSanalyst Joseph Spak upgraded|far enough.UBSanalyst Joseph Spak upgraded the|enough.UBSanalyst Joseph Spak upgraded the stock|thinking there will be two (Fed) cuts,|there will be two (Fed) cuts, to|will be two (Fed) cuts, to one|be two (Fed) cuts, to one then|two (Fed) cuts, to one then to|Flying Higher Today': Advisoranalyst team just identified|Higher Today': Advisoranalyst team just identified what|Today': Advisoranalyst team just identified what they|part of our businesses and aftermarket services, representing|of people seem to care aboutstock splits, so much|now, the company's recentearnings callmade clear|, the company's recentearnings callmade clear that","forced to decide between paying or losing access to Netflix.""|. Risks remain, of course, but investors who|continued investments in both capacity ramp and technology to be ready|or even a grocery store with a gross margin as low|a grocery store with a gross margin as low as Cost|12.6%.Investors tend to shy away|move. Everything else is like variations on a horse carriage|a product that is likely already in your house into an|already in your house into anational phenomenon.Reilly is|that, brand awareness only reached 32%, which|many good opportunities that are this cheap. Therefore, Che|.While it is unclear how many locations Chipotle|of $371.6 billion, which rose|371.6 billion, which rose by|seeks to remove TILs from cancer patients' bodies|to remove TILs from cancer patients' bodies,|Administration (FDA) for previously treated advanced melanoma, a|intelligence, cloud computing, healthcare, logistics, and over|of €6.10 per ordinary share for the|These include sensors, cameras, and radar for the car"
28968,"Post-earnings reactions, specific reference: Humana",0.586068850841714,"a promising initial public offering (IPO), and revenue|promising initial public offering (IPO), and revenue expectations|price-to-earnings ratio of 23 despite|-to-earnings ratio of 23 despite the|6 billion. The adjusted-earnings estimate also got|billion. The adjusted-earnings estimate also got a|. The adjusted-earnings estimate also got a twe|The adjusted-earnings estimate also got a tweak|adjusted-earnings estimate also got a tweak.|stock price targets amid post-earnings plungeHowever|price targets amid post-earnings plungeHowever,|targets amid post-earnings plungeHowever, Hum|amid post-earnings plungeHowever, Humana|related to Merck’s acquisition ofHar|related to Merck’s acquisition ofHarpoon|stock price targets amid post-earnings plungeWell|price targets amid post-earnings plungeWell,|targets amid post-earnings plungeWell, just|amid post-earnings plungeWell, just keep|of mythical ideal called ""price stability,"" aligned with",", 2024. It covers the following|the10 best stocksfor investors to buy now…|stocksfor investors to buy now… and Arm Holdings wasn|wasn’t one of them. The 10 stocks|10 stocks that made the cut could produce monster returns|stocks that made the cut could produce monster returns in the|could produce monster returns in the coming years.Consider|produce monster returns in the coming years.Consider when|returns in the coming years.Consider whenNvid|’d have $535,597!*|stock picks each month. TheStock Advisorservice has|picks each month. TheStock Advisorservice hasmore|hasmore than quadrupledthe return of S&P|more than quadrupledthe return of S&P 5|of S&P 500 since 20|500 since 2002*.Story|2002*.Story continuesSee the|002*.Story continuesSee the 10|the 10 stocks »*Stock Advisor returns|10 stocks »*Stock Advisor returns as of"
14244,"Interest rate expectations, specific reference: Fed",0.33469962892985683,"thinking there will be two (Fed) cuts,|there will be two (Fed) cuts, to|will be two (Fed) cuts, to one|be two (Fed) cuts, to one then|two (Fed) cuts, to one then to|and earnings (make that ""losses"")The news|earnings (make that ""losses"")The news wasn|(make that ""losses"")The news wasn't|make that ""losses"")The news wasn't all|00'sdividend yield (1.4|0'sdividend yield (1.4%).|'sdividend yield (1.4%). That|-to-earnings growth, orPEG ratio, of|I think we're recalibrating that. We still|think we're recalibrating that. We still think|we're recalibrating that. We still think from|'re recalibrating that. We still think from these|fairly confident theFed would make a number of cuts|confident theFed would make a number of cutsdown|its initial public offering (IPO) 10","report fromASML Holdings(NASDAQ:|and revenue number and the guidance missed analyst estimates.AS|consider this:TheMotley Fool Stock Advisor|TheMotley Fool Stock Advisoranalyst team|yst team just identified what they believe are|including guidance on building a portfolio, regular updates from analysts|any of the stocks mentioned. The Motley Fool|of the stocks mentioned. The Motley Fool has|the stocks mentioned. The Motley Fool has positions|stocks mentioned. The Motley Fool has positions in|The Motley Fool has positions in and recommends AS|ley Fool has positions in and recommends ASML,|ASML, Nvidia, and Taiwan Semiconductor|ML, Nvidia, and Taiwan Semiconductor Manufacturing|Semiconductor Manufacturing. The Motley Fool has|iconductor Manufacturing. The Motley Fool has ad|Manufacturing. The Motley Fool has adisclosure|ol has adisclosure policy.Why Arm Holdings Stock|has adisclosure policy.Why Arm Holdings Stock To|, file photo, Federal Reserve Chairman Jerome Powell speaks following"
23919,"Interest rate commentary, specific reference: Jerome Powell",0.45870558527977257,"next generation platforms, and aftermarket/OE customers,""|generation platforms, and aftermarket/OE customers,"" the|platforms, and aftermarket/OE customers,"" the firm|, and aftermarket/OE customers,"" the firm said|x USA in Washington.""(Fed Chair Jerome)|USA in Washington.""(Fed Chair Jerome) Powell|he noted that ""interest rate volatility/uncertain|noted that ""interest rate volatility/uncertainty|that ""interest rate volatility/uncertainty remains|of its initial public offering (IPO) in|its initial public offering (IPO) in 2|initial public offering (IPO) in 20|public offering (IPO) in 200|in Washington.""(Fed Chair Jerome) Powell's|MLP has grown its adjustedearnings before interest,|LP has grown its adjustedearnings before interest, taxes|has grown its adjustedearnings before interest, taxes,|grown its adjustedearnings before interest, taxes, depre|its adjustedearnings before interest, taxes, depreciation|be appropriate to ease policy,""Fed Chair Jerome Powell","following details: Shares ofArm Holdings(NAS|than ASML's 7.1% drop.|'s 7.1% drop.Arm shares get|get an update from Arm next month when its fiscal fourth|then, expect continued volatility from the stock as investors weigh|for investors to buy now… and Arm Holdings wasn’t|time of our recommendation,you’d have $53|Jeremy Bowmanhas no position in any of the stocks|position in any of the stocks mentioned. The Motley|has adisclosure policy.Why Arm Holdings Stock To|.Why Arm Holdings Stock Took a Dive Today|/APUS stocks rose Wednesday as traders tried to move|traders looked to break a three-day losing streak.US|looked to break a three-day losing streak.US stocks|streak.US stocks rose on Wednesday as traders tried to|hint that Fed officials will likely keep rates higher for longer|have cut into the market's rate-cut hopes. Invest|the start of 2024, according to|.m. opening bell on Wednesday:S&P 5|opening bell on Wednesday:S&P 500"
8452,"Fed commentary, specific reference: Jerome Powell",0.17874322716517976,"fairly confident theFed would make a number of cuts|confident theFed would make a number of cutsdown|said he believes analysts are ""Fed watching way too|he believes analysts are ""Fed watching way too much|believes analysts are ""Fed watching way too much right|analysts are ""Fed watching way too much right now|ued from the article titled 'Fed Chair Jerome Powell|from the article titled 'Fed Chair Jerome Powell has|the article titled 'Fed Chair Jerome Powell has an|article titled 'Fed Chair Jerome Powell has an ‘|titled 'Fed Chair Jerome Powell has an ‘un|is a news article titled 'Fed Chair Jerome Powell|a news article titled 'Fed Chair Jerome Powell has|news article titled 'Fed Chair Jerome Powell has an|article titled 'Fed Chair Jerome Powell has an ‘|titled 'Fed Chair Jerome Powell has an ‘un|Flying Higher Today': Advisoranalyst team just identified|Higher Today': Advisoranalyst team just identified what|Today': Advisoranalyst team just identified what they|part of our businesses and aftermarket services, representing","2025 $45 calls on Intel and|options: long January 2026 $1|long January 2026 $195|they believe are the10 best stocksfor investors to|they believe are the10 best stocksfor investors to|2025 $45 calls on Intel and|$45 calls on Intel and short May 2|what they believe are the10 best stocksfor investors|are the10 best stocksfor investors to buy now|positions in and recommends Cresco Labs and Trulieve|$395 calls on Microsoft and short January|2023 $57.50 calls|023 $57.50 calls on|26 $395 calls on Microsoft and short|6 $395 calls on Microsoft and short January|options: long January 2023 $5|: long January 2023 $57|3 $57.50 calls on Intel,|57.50 calls on Intel, long January|2025 $45 calls on Intel"
25863,"Valuation ratios, specific reference: price-to-earnings",0.511204926714784,"Flying Higher Today': Advisoranalyst team just identified|Higher Today': Advisoranalyst team just identified what|Today': Advisoranalyst team just identified what they|grown its adjustedearnings before interest, taxes, depre|its adjustedearnings before interest, taxes, depreciation|: Last year,Morgan Stanleyanalysts led by|price-to-earnings ratio of 23 despite|-to-earnings ratio of 23 despite the|stock price targets amid post-earnings plungeHowever|price targets amid post-earnings plungeHowever,|earnings on aprice-to-earnings basis. That|on aprice-to-earnings basis. That is|aprice-to-earnings basis. That is well|ice-to-earnings basis. That is well below|-to-earnings basis. That is well below the|LP has grown its adjustedearnings before interest, taxes|has grown its adjustedearnings before interest, taxes,|Are AboutPhoto: ShutterstockLatest Ratings for|AboutPhoto: ShutterstockLatest Ratings for NFL|Photo: ShutterstockLatest Ratings for NFLX","8, file photo, Federal Reserve Chairman Jerome Powell speaks|more confidence inflation was on track to fall to its|at the 9:30 a.m. opening|.17% to $2,387|% to $2,387.25|: Where are you finding opportunities?PS: Until very|areas like pharmaceuticals, chemicals and staples. We|pharmaceuticals, chemicals and staples. We bought Bristol|. We bought Bristol-Myers Squibb, Pf|PS: Our cash position ebbs and flows throughout|new products, we are more apt to hedge the down|s.JB: Are youinvesting in bonds|muted, even lower than what we saw in 2|lower than what we saw in 2017|2017,"" said Mandy Xu, head of|In order for volatility to shock higher, you need correlations|order for volatility to shock higher, you need correlations to|higher, you need correlations to start picking up,"" Xu|on Wednesday, struggling to mount a comeback asinvest|struggling to mount a comeback asinvestors' interest"
25064,"Analyst Sentiment and Credit Ratings, specific reference: Energy Transfer",0.401265361016161,"to the situation as a ""price spiral,"" with rent|the situation as a ""price spiral,"" with rent increases|situation as a ""price spiral,"" with rent increases surpass|as a ""price spiral,"" with rent increases surpassing|are ""Fed watching way too much right now.""|Amazon's fourth-quarter-earnings call on Feb|confidence to upgrade Energy Transfer'scredit ratingto BBB with|to upgrade Energy Transfer'scredit ratingto BBB with a|upgrade Energy Transfer'scredit ratingto BBB with a stable|Energy Transfer'scredit ratingto BBB with a stable outlook|Transfer'scredit ratingto BBB with a stable outlook.|average forward-looking price-to-earnings ratio of|story. Friday and Monday’smarket actionbrought the|next generation platforms, and aftermarket/OE customers,""|generation platforms, and aftermarket/OE customers,"" the|platforms, and aftermarket/OE customers,"" the firm|, and aftermarket/OE customers,"" the firm said|for either extreme, some analysts are|either extreme, some analysts are seeking|extreme, some analysts are seeking price","to digest hotter-than-expected inflation data and the|is one in which the Fed feels the economy is in|on holding rates steady at the Fed's May policy meeting|a day of hawkish comments from Fed officials on|misfired in the past, when it overestim|past, when it overestimates its ability to push|Powell told an audience of economists, in full knowledge that|an audience of economists, in full knowledge that he actually|compared to his more ambiguous stance regarding a rate-easing|to his more ambiguous stance regarding a rate-easing timet|his more ambiguous stance regarding a rate-easing timetable|ambiguous stance regarding a rate-easing timetable —|regarding a rate-easing timetable — that|-easing timetable — that the 'h|$1,000|aires in its time, and it's unlikely to stop|penalties when negotiating with companies to resolve investigations into compliance violations|life savings, childrens' college funds and their|, childrens' college funds and their own retirement|sitting on a paper holding worth more than $2 billion"
22219,"Interest rate uncertainty, specific reference: Fed Chair Jerome Powell",0.40058324788765326,"noted that ""interest rate volatility/uncertainty|that ""interest rate volatility/uncertainty remains|is a news article titled 'Fed Chair Jerome Powell|a news article titled 'Fed Chair Jerome Powell has|news article titled 'Fed Chair Jerome Powell has an|article titled 'Fed Chair Jerome Powell has an ‘|next generation platforms, and aftermarket/OE customers,""|generation platforms, and aftermarket/OE customers,"" the|part of our businesses and aftermarket services, representing|of our businesses and aftermarket services, representing 7|our businesses and aftermarket services, representing 70|businesses and aftermarket services, representing 70%|platforms, and aftermarket/OE customers,"" the firm|, and aftermarket/OE customers,"" the firm said|way.Growth prospectsMeta'smarket capcurrently sits at|.Growth prospectsMeta'smarket capcurrently sits at a|rowth prospectsMeta'smarket capcurrently sits at a wh|prospectsMeta'smarket capcurrently sits at a whopping|the Securities and Exchange Commission (SEC) is starting to|Securities and Exchange Commission (SEC) is starting to investigate","four-day losing streak since a stretch from late December into|an analysis going back to 1990,|the Fed's 2% target, but the US|that it will ""take longer than expected"" to get|rents, or about a 50% increase|accounts increased 25% to 2.7|Millions in Breakup Fees for Ditching|long January 2026 $195|using census data indicates that nearly half of Americans ages|idend Stocks to Buy With $400|end Stocks to Buy With $400 Right|idend Stocks to Buy With $400|Fees for Ditching|bring in $484 billion in net sales in|Chipotle generates $3 million in annual sales,|that to 10,000 locations and|much it will earn in cash for shareholders in the coming|it ups its store opening rate to 400|a Buy rating and $50 price target. The|Outperform rating and $1"
21396,"IPO and revenue expectations, specific reference: Meta",0.34944856967902393,"initial public offering (IPO) 10 years|public offering (IPO) 10 years ago|offering (IPO) 10 years ago and|way.Growth prospectsMeta'smarket capcurrently sits at|5, compared to prior guidance of|, compared to prior guidance of $|compared to prior guidance of $8|to prior guidance of $8.|prior guidance of $8.4|a promising initial public offering (IPO), and revenue|promising initial public offering (IPO), and revenue expectations|initial public offering (IPO), and revenue expectations are|public offering (IPO), and revenue expectations are still|offering (IPO), and revenue expectations are still modest|x USA in Washington.""(Fed Chair Jerome)|USA in Washington.""(Fed Chair Jerome) Powell|in Washington.""(Fed Chair Jerome) Powell's|Washington.""(Fed Chair Jerome) Powell's panel|.""(Fed Chair Jerome) Powell's panel yesterday|6 billion. The adjusted-earnings estimate also got","has no position in any of the stocks mentioned. The|.com about navigating client portfolios through the current market|We even found some less trafficked financials to buy|.58% on Wednesday, down nearly 5|on Wednesday, down nearly 5% from the record|uptick may be due to investors adjusting portfolios|investors adjusting portfolios in response to the recent rise|&P 500, falling nearly 1.|3% on Wednesday, extending their declines over the|has actually delivered its best annualized average returns when the|its best annualized average returns when the 10|annualized average returns when the 10-year Treasury|next day. This is well above the 3.|the 3.1% average fall seen over the|stocks have seen more aggressive swings to the downside when|00 million impact on earnings from the recent Boeing|known as double misses) have seen their stock price hammer|as double misses) have seen their stock price hammered|post below) with a new piece of research that just|to reach the mid-6% range, quickly moving"
20468,"Analyst sentiment, specific reference: Advisoranalyst team",0.12236412123844762,Advisoranalyst team just identified what they believe are|Advisoranalyst team just identified what they believe are|Advisoranalyst team just identified what they believe are|Advisoranalyst team just identified what they believe are|Advisoranalyst team just identified what they believe are|Advisoranalyst team just identified what they believe are|Advisoranalyst team just identified what they believe are|Advisoranalyst team just identified what they believe are|Advisoranalyst team just identified what they believe are|Advisoranalyst team just identified what they believe are|Advisoranalyst team just identified what they believe are|Advisoranalyst team just identified what they believe are|Advisoranalyst team just identified what they believe are|Advisoranalyst team just identified what they believe are|Advisoranalyst team just identified what they believe are|Stock Advisoranalyst team just identified what they believe|Advisoranalyst team just identified what they believe are|Advisoranalyst team just identified what they believe are|Advisoranalyst team just identified what they believe are|Advisoranalyst team just identified what they believe are,"thesis was for a first-quarter peak followed by a|Continued from the article titled 'Steering|Continued from the article titled 'Steering Clients|stock market gyrations to tick up in coming days|Continued from the article titled '|Continued from the article titled 'Stock|Continued from the article titled|believe a hard landing, where restrictive policy forces the economy|policy forces the economy into recession, is the base case|economy into recession, is the base case. Last year|'t hit the US economy without a catalyst of some sort|Continued from the article titled '|Continued from the article titled 'Stock market|lower than Wall Street analysts expected.""In a way,|Continued from the article titled 'Stock market today:|Continued from the article titled '|in this period is almost as good as the best we|is almost as good as the best we’ve seen in|Continued from the article titled|are disappointed by the results of the Phase 2 PRE"
12187,"Interest rate expectations, specific reference: Fed",0.24708596867667154,"some analysts are seeking price targets that|thinking there will be two (Fed) cuts,|there will be two (Fed) cuts, to|will be two (Fed) cuts, to one|be two (Fed) cuts, to one then|two (Fed) cuts, to one then to|confidence to upgrade Energy Transfer'scredit ratingto BBB with|to the situation as a ""price spiral,"" with rent|the situation as a ""price spiral,"" with rent increases|situation as a ""price spiral,"" with rent increases surpass|as a ""price spiral,"" with rent increases surpassing|is a news article titled 'Fed Chair Jerome Powell|a news article titled 'Fed Chair Jerome Powell has|news article titled 'Fed Chair Jerome Powell has an|article titled 'Fed Chair Jerome Powell has an ‘|titled 'Fed Chair Jerome Powell has an ‘un|article titled 'Fed Chair Jerome Powell has an ‘|titled 'Fed Chair Jerome Powell has an ‘un|entering a weaker labor market.""Fed officials raised interest|11 billion inliquidity. Hence, if","following details: Shares ofArm Holdings(NAS|ofArm Holdings(NASDAQ: ARM)|(NASDAQ: ARM)were taking it|after a disappointing earnings report fromASML Holdings(NA|(NASDAQ: ASML)led to|broad-based sell-off in artificial intelligence (AI) stocks|-based sell-off in artificial intelligence (AI) stocks.|artificial intelligence (AI) stocks. Arm was the worst|AI) stocks. Arm was the worst performer of the|its shares finished the day down 12%, which|the day down 12%, which was even worse|12%, which was even worse than ASML|than ASML's 7.1% drop.|edArtificial intelligence stockshave soared in recent|, and Arm has been among the winners. The chip|has been among the winners. The chip designer, known|expensive in the sector, Arm got hit hard on the|nings (P/E) ratioabove 100|100 and isn't putting up the kind of|putting up the kind of eye-popping revenue growth as"
3517,"Valuation ratios, specific reference: P/E",0.47129990926210213,. At aprice-to-earnings(P/E)|its forward-looking price-to-earnings ratio is an|forward-looking price-to-earnings ratio is an even|price-to-earnings ratio of 17).|-to-earnings ratio of 17). It|economy by gross domestic product (GDP). It's|by gross domestic product (GDP). It's evident|gross domestic product (GDP). It's evident that|domestic product (GDP). It's evident that Ba|product (GDP). It's evident that Baidu|. And its recent price/earnings-to-growth|More Top Reads From Oilprice.com:Oil|vidia's forward price-to-earnings (P/E|'s forward price-to-earnings (P/E)|forward price-to-earnings (P/E) ratio|Myers' forward price-to-earnings (P/E|' forward price-to-earnings (P/E)|forward price-to-earnings (P/E) ratio|average forward-looking price-to-earnings ratio of|forward-looking price-to-earnings ratio of 1,"urry of advisories on Tesla’s growth prospects both with|saying instead that monetary policy needs to be restrictive for longer|away, as the negative consequences of hawkish policy|And that's really what is troublesome from the Fed|in half, the event will leave miners with 5|higher-for-longer interest rate environment as borrowing costs remain|is ""typically dominated by a single vertically integrated ecosystem company|changes on iOS (which disrupted its ability to mine|iOS (which disrupted its ability to mine data from|positions in Broadcom, Meta Platforms, and Taiwan|quickly as expected and so interest rates will have to stay|high"" will melt away, as the negative consequences of|021, bolstered by hopes the Fed will|a “no landing” scenario—in which inflation remains an|$37 billion.That big increase in spending caused|Platformssurprised investors with its first-quarter|prior focus on a so-called soft landing from the Fed|a stronger domestic economy, would likely mean higher lending rates|stronger domestic economy, would likely mean higher lending rates into|makes sense given that one reason the Fed would keep rates"
13749,"Valuation metrics and stock performance, specific reference: Microsoft",0.5635742436288267,"situation as a ""price spiral,"" with rent increases surpass|as a ""price spiral,"" with rent increases surpassing|. And its recent price/earnings-to-growth|And its recent price/earnings-to-growth (|its recent price/earnings-to-growth (PEG|recent price/earnings-to-growth (PEG)|organ Stanleyanalysts led by Keith Weiss identifiedMicrosoft|, Meta (META)shares sank more than|Meta (META)shares sank more than|the last year, whileMicrosoftshares gained 4|last year, whileMicrosoftshares gained 45|year, whileMicrosoftshares gained 45%,|, whileMicrosoftshares gained 45%, easily|whileMicrosoftshares gained 45%, easily out|Airlinesthat caused thatstock to drop ahead of|linesthat caused thatstock to drop ahead of earnings|esthat caused thatstock to drop ahead of earnings season|hat caused thatstock to drop ahead of earnings season.In|: TSLA)stock investors.*Stock prices used were|TSLA)stock investors.*Stock prices used were the","This is a news article titled|2024. It covers the following details|2024. It covers the following details:|.ASML expects revenue growth to improve in the second|SML expects revenue growth to improve in the second half|bright future in AI as its CPU architecture is favored by|2018, file photo, Federal Reserve Chairman|Jerome Powell speaks following the Federal Open Market Committee meeting in|Open Market Committee meeting in Washington. The Federal Reserve releases|, with the 10-year Treasury dropping three basis|This is a news article titled 'S|ai Grinds to Standstill as Cloud Seeding W|Grinds to Standstill as Cloud Seeding Wors|to Standstill as Cloud Seeding Worsens Flood|Standstill as Cloud Seeding Worsens Flooding|news article titled 'Steering Clients Through Unstable Mark|4. It covers the following details: Steering Clients|the following details: Steering Clients Through Unstable Mark|ering Clients Through Unstable MarketsPaul Schatz,|to be a still strong 11% to"
27255,Revenue sources and post-earnings reactions,0.4358810815205574,"% of the company’s revenue comes from|of the company’s revenue comes from selling|the company’s revenue comes from selling automobiles|company’s revenue comes from selling automobiles.E|’s revenue comes from selling automobiles.Ener|Securities and Exchange Commission (SEC) is starting to investigate|and Exchange Commission (SEC) is starting to investigate false|Exchange Commission (SEC) is starting to investigate false claims|related to Merck’s acquisition ofHar|related to Merck’s acquisition ofHarpoon|to Merck’s acquisition ofHarpoon Therapeut|price targets amid post-earnings plungeWell,|targets amid post-earnings plungeWell, just|amid post-earnings plungeWell, just keep|post-earnings plungeWell, just keep your|part of our businesses and aftermarket services, representing|of our businesses and aftermarket services, representing 7|our businesses and aftermarket services, representing 70|businesses and aftermarket services, representing 70%|next generation platforms, and aftermarket/OE customers,""","analyst team just identified what they believe are|the stocks mentioned. The Motley Fool has positions|ymakers on Wednesday, April 11.Car|11.Carolyn Kaster/APUS|continued to digest hotter-than-expected inflation data and|from 6 cuts expected at the start of 2|are in the pipeline,"" he added.Bond yields|ged lower on Wednesday, with the 10-year|qbal AhmedNEW YORK (Reuters) -|AhmedNEW YORK (Reuters) - A stock|500 slipping 0.58%|ahan, however, noted that correlation levels still remain low|that the S&P 500's monthly return|S&P 500's monthly return has actually|average annual rolling one-year return for the S&P|17, 2024 at 1|zziInvestors still not getting it on interest ratesA|ratesA good amount of focus this morning in markets is|this morning in markets is on what Fed chief Jerome Powell|I currently expect it to be, it will be appropriate"
14311,"Analyst reactions to earnings, specific reference: Wall Street",0.2776506485056506,"-touted June timeline.""Fed Chair Powell moved|outed June timeline.""Fed Chair Powell moved more|ed June timeline.""Fed Chair Powell moved more decided|June timeline.""Fed Chair Powell moved more decidedly|timeline.""Fed Chair Powell moved more decidedly in|,"" Musk said.Wall Streetanalysts offered mixed|Musk said.Wall Streetanalysts offered mixed reaction|said.Wall Streetanalysts offered mixed reactionsto|.Wall Streetanalysts offered mixed reactionsto the|all Streetanalysts offered mixed reactionsto the earnings|quarter, with earnings lagginganalyst' expectations.|, with earnings lagginganalyst' expectations. Core|with earnings lagginganalyst' expectations. Core income|to the situation as a ""price spiral,"" with rent|the situation as a ""price spiral,"" with rent increases|situation as a ""price spiral,"" with rent increases surpass|as a ""price spiral,"" with rent increases surpassing|33 million on Monday,regulatory filings show|3 million on Monday,regulatory filings show.|million on Monday,regulatory filings show. He",of S&P 500 since 20|S&P 500 since 200|00 since 2002*.Story continues|unemployment number of 4% or more will be the|4% or more will be the trigger.Permal|returns in the coming years.Story continuesStock Advisor|Advisorservice has more than tripled the|more than tripled the return of S&P|than tripled the return of S&P 5|produce monster returns in the coming years.Stock Advisor|Advisorservice has more than tripled the|ervice has more than tripled the return of|more than tripled the return of S&P|tripled the return of S&P 50|the return of S&P 500 since|of S&P 500 since 20|S&P 500 since 200|500 since 2002*.|produce monster returns in the coming years.Stock Advisor|in the coming years.Stock Advisorprovides investors
26193,"Economic indicators and Fed actions, specific reference: GDP",0.34686666558055196,"economy by gross domestic product (GDP). It's|by gross domestic product (GDP). It's evident|gross domestic product (GDP). It's evident that|domestic product (GDP). It's evident that Ba|product (GDP). It's evident that Baidu|experts who were fairly confident theFed would make a|who were fairly confident theFed would make a number|were fairly confident theFed would make a number of|fairly confident theFed would make a number of cuts|confident theFed would make a number of cutsdown|&P 500'sdividend yield (|500'sdividend yield (1|500'sdividend yield (1.|00'sdividend yield (1.4|0'sdividend yield (1.4%).|'sdividend yield (1.4%). That|share analysts were expecting.On theearnings call, CEO|analysts were expecting.On theearnings call, CEO Sat|were expecting.On theearnings call, CEO Satya|expecting.On theearnings call, CEO Satya Nad","water on the sector and led to a broad sell-off|Street expected, both the first-quarter and revenue number|, both the first-quarter and revenue number and the|-quarter and revenue number and the guidance missed analyst estimates|SML expects revenue growth to improve in the second half|originally published by The Motley Fool|by The Motley Fool|Fedspeak have cut into the market's rate-cut|hopes. Investors have nearly taken the possibility of a|stable Markets': advent of fantastic new products, we|the Cboe 1-Month Implied Correlation|rate their bets on a September cut to December.After|season to give stocks a push upward. United Airlines (|marks the benchmark average's first four-day losing streak since|5% range [on the|': 10-year Treasury yield] and still have|second half of the year expected to be stronger than the|stronger than the first half, in line with the industry|half, in line with the industry’s continued recovery from|Wall Street's standards, forced selling action across the chip"
9983,"Dividend yield mentions, specific reference: Boeing",0.42064841327464153,"33 million on Monday,regulatory filings show|3 million on Monday,regulatory filings show.|million on Monday,regulatory filings show. He|on Monday,regulatory filings show. He already|Monday,regulatory filings show. He already cas|story. Friday and Monday’smarket actionbrought the|. Friday and Monday’smarket actionbrought the largest|Friday and Monday’smarket actionbrought the largest two|and Monday’smarket actionbrought the largest two day|attractive 3.5%dividend yield.The|3.5%dividend yield.The best|3.5%dividend yield.The best part|.5%dividend yield.The best part of|5%dividend yield.The best part of the|%dividend yield.The best part of the story|Boeing(BA)shares extended their recent decline|eing(BA)shares extended their recent decline in|(BA)shares extended their recent decline in early|BA)shares extended their recent decline in early trading|-touted June timeline.""Fed Chair Powell moved","Why Arm Holdings Stock Took a Dive Today',|Took a Dive Today', published on 1|a Dive Today', published on 17 April|artificial intelligence (AI) stocks. Arm was the worst|worst performer of the group as its shares finished the day|trading at aforward price-to-earnings (P|earnings (P/E) ratioabove 10|above 100 and isn't putting up the|then, expect continued volatility from the stock as investors weigh|1,000 in Arm Holdings right now?|0 in Arm Holdings right now?Before you buy stock|right now?Before you buy stock in Arm Holdings,|, consider this:TheMotley Fool Stock Advis|'Why Arm Holdings Stock Took a Dive Today|Holdings wasn’t one of them. The 10|of them. The 10 stocks that made the|returns in the coming years.Consider whenNvid|coming years.Consider whenNvidiamade this|whenNvidiamade this list on April 1|iamade this list on April 15,"
9649,"Analyst Sentiment and Regulatory Investigations, specific reference: SEC",0.24107952026844348,"and Exchange Commission (SEC) is starting to investigate false|Exchange Commission (SEC) is starting to investigate false claims|: Tesla(TSLA)shares stumbled badly until|Tesla(TSLA)shares stumbled badly until this|(TSLA)shares stumbled badly until this week|TSLA)shares stumbled badly until this week amid|LA)shares stumbled badly until this week amid falling|the Securities and Exchange Commission (SEC) is starting to|Securities and Exchange Commission (SEC) is starting to investigate|for either extreme, some analysts are|either extreme, some analysts are seeking|extreme, some analysts are seeking price|be two (Fed) cuts, to one then|two (Fed) cuts, to one then to|0,000.Theanalyst is more bull|,000.Theanalyst is more bullish|000.Theanalyst is more bullishon|00.Theanalyst is more bullishon other|0.Theanalyst is more bullishon other Chinese|of its initial public offering (IPO) in","'ll get an update from Arm next month when its fiscal|an update from Arm next month when its fiscal fourth-qu|$1,000 at the time of our|00 at the time of our recommendation,you’d|at the time of our recommendation,you’d have $|of our recommendation,you’d have $535|have $535,597!*Stock|$535,597!*Stock Advis|97!*Stock Advisorprovides investors with an|, including guidance on building a portfolio, regular updates from|9:30 a.m. opening bell on Wednesday|what else is happening today:Elon Musk's wealth|""halving"" event. Here's why that could|watch is an investment, Rolex's CEO says.|84.51 a barrel.Brent crude,|$89.04 a barrel.Goldrose|basis points to 4.626%.Bit|1% to $62,241.Read|.Most Read from BloombergDubai Grinds|ost Read from BloombergDubai Grinds to"
25674,"Post-earnings reactions, specific reference: Baidu",0.45532295876059,"by gross domestic product (GDP). It's evident|gross domestic product (GDP). It's evident that|domestic product (GDP). It's evident that Ba|product (GDP). It's evident that Baidu|now, the company's recentearnings callmade clear|, the company's recentearnings callmade clear that|the company's recentearnings callmade clear that it|company's recentearnings callmade clear that it would|'s recentearnings callmade clear that it would accelerate|part of our businesses and aftermarket services, representing|'sdividend yield (1.4%). That|% of the company’s revenue comes from|of the company’s revenue comes from selling|the company’s revenue comes from selling automobiles|company’s revenue comes from selling automobiles.E|’s revenue comes from selling automobiles.Ener|of our businesses and aftermarket services, representing 7|our businesses and aftermarket services, representing 70|businesses and aftermarket services, representing 70%|The adjusted-earnings estimate also got a tweak","article titled 'Why Arm Holdings Stock Took a D|Stock market today: Indexes rise as traders try to|'Stock market today: Indexes rise as traders try|titled 'S&P 500 Suffers Its|00 Suffers Its Longest Slide Since January:|ers Its Longest Slide Since January: Markets W|days.With the S&P 500 slipping|may be due to investors adjusting portfolios in response|while Meta (META) slid nearly 2%.|Meta (META) slid nearly 2%. The|slows but not to the point of recession, and|comments from Fed vice chair Philip Jefferson.“If incoming data|of Zoom (ZM) hit a fresh low on|from grace.(Yahoo Finance)Meanwhile, shares of|4 expectation by more than halfJ.B. Hunt’s|dor (SAGE-718) further in|AGE-718) further in Parkinson’s Disease|-718) further in Parkinson’s Disease.The|718) further in Parkinson’s Disease.The company|age platform posted better-than-expected results in its first"
5449,Valuation metrics and financial performance indicators,0.42962095467610745,"economy by gross domestic product (GDP). It's|by gross domestic product (GDP). It's evident|gross domestic product (GDP). It's evident that|domestic product (GDP). It's evident that Ba|product (GDP). It's evident that Baidu|% of the company’s revenue comes from|of the company’s revenue comes from selling|the company’s revenue comes from selling automobiles|company’s revenue comes from selling automobiles.E|’s revenue comes from selling automobiles.Ener|Citi says.A bullishstock market signal just hint|iti says.A bullishstock market signal just hinted|says.A bullishstock market signal just hinted at|.A bullishstock market signal just hinted at|average forward-looking price-to-earnings ratio of|forward-looking price-to-earnings ratio of 1|-looking price-to-earnings ratio of 17|price-to-earnings ratio of 17).|-to-earnings ratio of 17). It|a promising initial public offering (IPO), and revenue","ASML)led to a broad-based sell-off in|to a broad-based sell-off in artificial intelligence (AI|has seen revenue growth accelerate from the breakout technology.|and revenue number and the guidance missed analyst estimates.AS|and the guidance missed analyst estimates.ASML expects revenue|as expected. That, in turn, could be a|could be a warning sign for Arm as the stock so|ArmHigh expectations are built into Arm stock, which is|you buy stock in Arm Holdings, consider this:The|Holdings, consider this:TheMotley Fool Stock|recommendation,you’d have $535,5|es rise as traders try to shrug off Powell's h|8, file photo, Federal Reserve Chairman Jerome Powell speaks|to move past Jerome Powell's hawkish commentary on|past Jerome Powell's hawkish commentary on Tuesday.The|Wednesday as traders tried to recover from a three-day losing|recover from a three-day losing streak. All three benchmark|from a three-day losing streak. All three benchmark indexes|, and central bankers needed more confidence inflation was on|.The comments hint that Fed officials will likely keep rates higher"
9770,Valuation ratios and dividend yields,0.528940995637302,"to care aboutstock splits, so much so that we|0,000.Theanalyst is more bull|a 5%growth in the regular quarterly dividend|5%growth in the regular quarterly dividend to|-looking price-to-earnings ratio of 17|price-to-earnings ratio of 17).|-to-earnings ratio of 17). It|of people seem to care aboutstock splits, so much|people seem to care aboutstock splits, so much so|seem to care aboutstock splits, so much so that|a price-to-earnings ratio of about 6|price-to-earnings ratio of about 67|-to-earnings ratio of about 67,|to the situation as a ""price spiral,"" with rent|the situation as a ""price spiral,"" with rent increases|situation as a ""price spiral,"" with rent increases surpass|as a ""price spiral,"" with rent increases surpassing|.5%dividend yield.The best part of|5%dividend yield.The best part of the|%dividend yield.The best part of the story","led to a broad-based sell-off in artificial intelligence (|to a broad-based sell-off in artificial intelligence (AI|a sharp decline in revenue, and its guidance called for|revenue, and its guidance called for a continued decline in|, and its guidance called for a continued decline in sales|MCmay not be as strong as expected. That,|as traders try to shrug off Powell's hawkish|Federal Open Market Committee meeting in Washington. The Federal Reserve|minutes from the March meeting of its policymakers on|as traders tried to move past Jerome Powell's hawk|tried to move past Jerome Powell's hawkish commentary|Washington, DC, yesterday, materially reduce the chance|es rise as traders try to shrug off Powell's h|shrug off Powell's hawkish commentary': edged|commentary': edged lower on Wednesday, with the|rap', published on 17 April, 2|Jerome) Powell and the FOMC would need to|C would need to consider a 25-basis|Wall Street extends declines', published on 17 April|extends declines', published on 17 April,"
27425,"Stock price declines, specific reference: Boeing (BA), Tesla (TSLA)",0.5501539913613561,"whistleBoeing(BA)shares extended their recent|Boeing(BA)shares extended their recent decline|eing(BA)shares extended their recent decline in|(BA)shares extended their recent decline in early|BA)shares extended their recent decline in early trading|: Tesla(TSLA)shares stumbled badly until|Tesla(TSLA)shares stumbled badly until this|(TSLA)shares stumbled badly until this week|TSLA)shares stumbled badly until this week amid|(NYSE: GL)stock plummeted by|YSE: GL)stock plummeted by more|Airlinesthat caused thatstock to drop ahead of|linesthat caused thatstock to drop ahead of earnings|SE: GL)stock plummeted by more than|: GL)stock plummeted by more than|of mythical ideal called ""price stability,"" aligned with|mythical ideal called ""price stability,"" aligned with an|ical ideal called ""price stability,"" aligned with an equally|LA)shares stumbled badly until this week amid falling|(NYSE: BA)stock isn't a candidate","Continued from the article titled 'Why|. Inpublic remarkson Tuesday, Federal Reserve Chair Powell|that Fed officials will likely keep rates higher for longer unless|Investors have nearly taken the possibility of a June Fed|nearly taken the possibility of a June Fed rate cut off|of a June Fed rate cut off the table, and|a June Fed rate cut off the table, and are|expected at the start of 2024,|Continued from the article titled '|7% to $2,387.2|1.21% to $62,|navigating client portfolios through the current market environment that|folios through the current market environment that includes higher than|the current market environment that includes higher than expected inflation and|quarter peak and now stocks are pulling back. I wouldn|Continued from the article titled|We haven’t bought cash bonds in many quarters. I|haven’t bought cash bonds in many quarters. I am|number of 4% or more will be the trigger|5% from the record high touched in late March"
27428,"Analyst sentiment, specific reference: Fool Stock Advisor",0.47364072042961725,"ley Fool Stock Advisoranalyst team just identified|Fool Stock Advisoranalyst team just identified what|ol Stock Advisoranalyst team just identified what they|Stock Advisoranalyst team just identified what they believe|Advisoranalyst team just identified what they believe are|ley Fool Stock Advisoranalyst team just identified|Fool Stock Advisoranalyst team just identified what|ol Stock Advisoranalyst team just identified what|Stock Advisoranalyst team just identified what|Advisoranalyst team just identified what|ley Fool Stock Advisoranalyst team just identified|Fool Stock Advisoranalyst team just identified what|ol Stock Advisoranalyst team just identified what they|Stock Advisoranalyst team just identified what they believe|Advisoranalyst team just identified what they believe are|of people seem to care aboutstock splits, so much|people seem to care aboutstock splits, so much so|seem to care aboutstock splits, so much so that|to care aboutstock splits, so much so that we|ley Fool Stock Advisoranalyst team just identified","titled 'Why Arm Holdings Stock Took a Dive|it on the chin today after a disappointing earnings report from|Arm was the worst performer of the group as its shares|was the worst performer of the group as its shares finished|worst performer of the group as its shares finished the day|its shares finished the day down 12%, which|.1% drop.Arm shares get spooked|ave soared in recent months, and Arm has been|soared in recent months, and Arm has been among|has been among the winners. The chip designer, known|chip designer, known for highly efficient CPU architecture, has|this morning threw cold water on the sector and led to|cold water on the sector and led to a broad sell|sector, Arm got hit hard on the news.Image source|and the guidance missed analyst estimates.ASML expects revenue|the second half of the year and accelerate in 2|2025, but the update shows that demand|manufacturers likeTSMCmay not be as strong as expected|as expected. That, in turn, could be a|stock soared in February after it promised accelerating revenue growth"
260,"Fed rate cut expectations, specific reference: Fed",0.28820200173209776,"platforms, and aftermarket/OE customers,"" the firm|, and aftermarket/OE customers,"" the firm said|artificial intelligence (AI)stock can skyrocket|ificial intelligence (AI)stock can skyrocket by|intelligence (AI)stock can skyrocket by|thinking there will be two (Fed) cuts,|there will be two (Fed) cuts, to|will be two (Fed) cuts, to one|be two (Fed) cuts, to one then|two (Fed) cuts, to one then to|experts who were fairly confident theFed would make a|who were fairly confident theFed would make a number|were fairly confident theFed would make a number of|fairly confident theFed would make a number of cuts|confident theFed would make a number of cutsdown|into the first-quarter-earnings reports.The analyst|the first-quarter-earnings reports.The analyst says|first-quarter-earnings reports.The analyst says investor|-quarter-earnings reports.The analyst says investor sentiment|organ Stanleyanalysts led by Keith Weiss identifiedMicrosoft","commentary', published on 17 April, 2|need to focus on the fact that rates are sufficiently restrictive|to focus on the fact that rates are sufficiently restrictive,|Millions in Breakup Fees for Ditching|This is a news article titled '|, all downtrodden with solid dividends that no|ends that no one seems to care about. We even|or own low volatility instruments or products with defined outcomes like|. Talk about being embarrassingly wrong yet again.We|about being embarrassingly wrong yet again.We haven’t|This is a news article titled 'Stock correlations tick|as the start of April, lows rarely touched in|Over the past two years, correlation levels have been historically|been historically muted, even lower than what we saw in|charting their own paths, it tends to subdue|Editing by Will Dunham)|This is a news article titled|Continued from the article titled|at year-end.""Belski's research shows that|elski's research shows that, on average, stocks"
30026,"Valuation metrics and economic indicators, specific reference: Baidu",0.2849105984986244,reportedfourth-quarter revenuegrowth of 13|fourth-quarter revenuegrowth of 13%|th-quarter revenuegrowth of 13% year|-quarter revenuegrowth of 13% year-on|price-to-earnings ratio of 23 despite|-to-earnings ratio of 23 despite the|economy by gross domestic product (GDP). It's|by gross domestic product (GDP). It's evident|gross domestic product (GDP). It's evident that|domestic product (GDP). It's evident that Ba|product (GDP). It's evident that Baidu|At aprice-to-earnings(P/E) multiple|aprice-to-earnings(P/E) multiple of|ice-to-earnings(P/E) multiple of just|-to-earnings(P/E) multiple of just|is a news article titled 'Fed Chair Jerome Powell|a news article titled 'Fed Chair Jerome Powell has|news article titled 'Fed Chair Jerome Powell has an|article titled 'Fed Chair Jerome Powell has an ‘|titled 'Fed Chair Jerome Powell has an ‘un,"on the chin today after a disappointing earnings report fromAS|)led to a broad-based sell-off in artificial intelligence|a broad-based sell-off in artificial intelligence (AI)|the worst performer of the group as its shares finished the|spookedArtificial intelligence stockshave soared|shave soared in recent months, and Arm has|on the news.Image source: Getty Images.AS|decline in sales in the second quarter. While that news|was roughly what Wall Street expected, both the first-qu|that demand from chip manufacturers likeTSMCmay not be|be as strong as expected. That, in turn,|promised accelerating revenue growth due to AI-related demand.What|which is trading at aforward price-to-earnings|00 and isn't putting up the kind of eye|from Arm next month when its fiscal fourth-quarter earnings|arter earnings report comes out. Until then, expect continued|earnings report comes out. Until then, expect continued volatility|Until then, expect continued volatility from the stock as investors|then, expect continued volatility from the stock as investors weigh|you buy stock in Arm Holdings, consider this:The"
1978,"Analyst sentiment, specific reference: TSLA",0.33372477211748847,"AboutPhoto: ShutterstockLatest Ratings for NFL|Photo: ShutterstockLatest Ratings for NFLX|: ShutterstockLatest Ratings for NFLXDate|Q: ADBE)stock for long-term investors.*|: ADBE)stock for long-term investors.*Stock|ADBE)stock for long-term investors.*Stock prices|DAQ: TSLA)stock investors.*Stock prices|Q: TSLA)stock investors.*Stock prices used|: TSLA)stock investors.*Stock prices used were|TSLA)stock investors.*Stock prices used were the|-touted June timeline.""Fed Chair Powell moved|outed June timeline.""Fed Chair Powell moved more|ed June timeline.""Fed Chair Powell moved more decided|June timeline.""Fed Chair Powell moved more decidedly|timeline.""Fed Chair Powell moved more decidedly in|TSLA)shares stumbled badly until this week amid|LA)shares stumbled badly until this week amid falling|Flying Higher Today': Advisoranalyst team just identified|Higher Today': Advisoranalyst team just identified what|Today': Advisoranalyst team just identified what they","designer, known for highly efficient CPU architecture, has seen|highly efficient CPU architecture, has seen revenue growth accelerate from|in revenue, and its guidance called for a continued decline|for a continued decline in sales in the second quarter.|continued decline in sales in the second quarter. While that|second quarter. While that news was roughly what Wall Street|Wall Street expected, both the first-quarter and revenue|analyst estimates.ASML expects revenue growth to improve in|of the year and accelerate in 2025|from chip manufacturers likeTSMCmay not be as strong|, the company figures to have a bright future in AI|in part because it requires less power than alternatives.We|because it requires less power than alternatives.We'll get|less power than alternatives.We'll get an update from|than alternatives.We'll get an update from Arm next|next month when its fiscal fourth-quarter earnings report comes|'Why Arm Holdings Stock Took a Dive Today|blueprint for success, including guidance on building a portfolio|00 since 2002*.Story continues|0 since 2002*.Story continuesSee"
27963,"Post-earnings reactions, specific reference: Meta",0.45850173216990514,"now, the company's recentearnings callmade clear|, the company's recentearnings callmade clear that|the company's recentearnings callmade clear that it|company's recentearnings callmade clear that it would|'s recentearnings callmade clear that it would accelerate|way.Growth prospectsMeta'smarket capcurrently sits at|.Growth prospectsMeta'smarket capcurrently sits at a|rowth prospectsMeta'smarket capcurrently sits at a wh|prospectsMeta'smarket capcurrently sits at a whopping|part of our businesses and aftermarket services, representing|of our businesses and aftermarket services, representing 7|our businesses and aftermarket services, representing 70|businesses and aftermarket services, representing 70%|of mythical ideal called ""price stability,"" aligned with|mythical ideal called ""price stability,"" aligned with an|ical ideal called ""price stability,"" aligned with an equally|ideal called ""price stability,"" aligned with an equally ep|. Security and Exchange Commission (SEC) could not access|Security and Exchange Commission (SEC) could not access the|and Exchange Commission (SEC) could not access the company","recent months, and Arm has been among the winners.|, and Arm has been among the winners. The chip|sector and led to a broad sell-off in AI stocks|revenue number and the guidance missed analyst estimates.ASML|the year and accelerate in 2025,|in 2025, but the update shows|ollow blueprint for success, including guidance on building a|Indexes rise as traders try to shrug off Powell's|as traders try to shrug off Powell's hawkish|possibility of a June Fed rate cut off the table,|cut off the table, and are now expecting just|the chance of a June Fed easing,"" Ian Shepherdson|Fed easing,"" Ian Shepherdson, the chief economist of|Ian Shepherdson, the chief economist of Pantheon|,"" he added.Bond yields|today: Indexes rise as traders try to shrug off|to undergo another ""halving"" event. Here's|ving"" event. Here's why that could send its|streak since January as a handful of big techs sold|since January as a handful of big techs sold off"
2526,"Fed interest rate actions, specific reference: theFed",0.4333774136950629,"experts who were fairly confident theFed would make a|who were fairly confident theFed would make a number|were fairly confident theFed would make a number of|fairly confident theFed would make a number of cuts|confident theFed would make a number of cutsdown|but raised itsprice targetfrom $154 to|recent post-earnings rally.The Earnings Report|cent post-earnings rally.The Earnings Report Was|post-earnings rally.The Earnings Report Was Not|of mythical ideal called ""price stability,"" aligned with|mythical ideal called ""price stability,"" aligned with an|ical ideal called ""price stability,"" aligned with an equally|ideal called ""price stability,"" aligned with an equally ep|recent post-earnings rally.The Earnings|ADBE)stock for long-term investors.*Stock prices|stein lowered itsprice targetfrom $590 to|a weaker labor market.""Fed officials raised interest rates|weaker labor market.""Fed officials raised interest rates|labor market.""Fed officials raised interest rates 5|market.""Fed officials raised interest rates 52","details: Shares ofArm Holdings(NASDA|growth as its collaboratorNvidia. Still, the|vidia. Still, the company figures to have a bright|a news article titled 'Stock market today: Indexes|today: Indexes rise as traders try to shrug off|. All three benchmark indexes ticked higher, while long|All three benchmark indexes ticked higher, while long-d|icked higher, while long-dated bond yields dipped.|rates are sufficiently restrictive, instead of how many cuts are|, instead of how many cuts are in the pipeline,""|9:30 a.m. opening bell on Wednesday|opening bell on Wednesday:S&P 500|74.74, up 0.4|up 0.34% (+127|0.34% (+127.|(+127.83 points)Nasda|27.83 points)Nasdaq Composite|.9% to $84.51 a|% to $84.51 a barrel.B|$2,387.25 per o"
12273,"Bullish market signals, specific reference: AI stock",0.48245988606110735,whistleBoeing(BA)shares extended their recent|ued from the article titled 'Fed Chair Jerome Powell|Airlinesthat caused thatstock to drop ahead of|linesthat caused thatstock to drop ahead of earnings|esthat caused thatstock to drop ahead of earnings season|hat caused thatstock to drop ahead of earnings season.In|iti says.A bullishstock market signal just hinted|says.A bullishstock market signal just hinted at|.A bullishstock market signal just hinted at|artificial intelligence (AI)stock can skyrocket|ificial intelligence (AI)stock can skyrocket by|intelligence (AI)stock can skyrocket by|(AI)stock can skyrocket by 1|Are AboutPhoto: ShutterstockLatest Ratings for|AboutPhoto: ShutterstockLatest Ratings for NFL|Photo: ShutterstockLatest Ratings for NFLX|: ShutterstockLatest Ratings for NFLXDate|Flying Higher Today': Advisoranalyst team just identified|ads From Oilprice.com:Oil Prices Sett|Citi says.A bullishstock market signal just hint,"', published on 17 April, 20|2024. It covers the following details|ares ofArm Holdings(NASDAQ: ARM|Arm Holdings(NASDAQ: ARM)were|report fromASML Holdings(NASDAQ:|in recent months, and Arm has been among the winners|the winners. The chip designer, known for highly efficient|winners. The chip designer, known for highly efficient CPU|. The chip designer, known for highly efficient CPU architecture|The chip designer, known for highly efficient CPU architecture,|.ASML reported a sharp decline in revenue, and|a sharp decline in revenue, and its guidance called for|decline in revenue, and its guidance called for a continued|, and its guidance called for a continued decline in sales|in the second quarter. While that news was roughly what|025, but the update shows that demand from|but the update shows that demand from chip manufacturers likeTS|by companies like Nvidia, in part because it requires|one of them. The 10 stocks that made|them. The 10 stocks that made the cut"
23231,"Interest rates and IPOs, specific reference: Fed",0.45557166602607463,"META)shares sank more than 10|ETA)shares sank more than 10%|our businesses and aftermarket services, representing 70|businesses and aftermarket services, representing 70%|its initial public offering (IPO) 10|initial public offering (IPO) 10 years|public offering (IPO) 10 years ago|offering (IPO) 10 years ago and|labor market.""Fed officials raised interest rates 5|market.""Fed officials raised interest rates 52|-looking price-to-earnings ratio of 17|price-to-earnings ratio of 17).|-to-earnings ratio of 17). It|last year, whileMicrosoftshares gained 45|year, whileMicrosoftshares gained 45%,|, whileMicrosoftshares gained 45%, easily|whileMicrosoftshares gained 45%, easily out|thinking there will be two (Fed) cuts,|there will be two (Fed) cuts, to|will be two (Fed) cuts, to one","cash position ebbs and flows throughout the year during|ebbs and flows throughout the year during most years|bbs and flows throughout the year during most years.|investing in bondswith the expectation forrate cut|Does it bear watching? Of course ... but it isn|it bear watching? Of course ... but it isn't|into the start of 2024, per|worries on the back burner to focus on quarterly earnings|this has been so far in this cycle.But I|.Investors are still hoping for rate cuts in|back again on TeslaI can't get enough of this|TeslaI can't get enough of this Tesla (TS|. post below) with a new piece of research that|with a new piece of research that just came my way|a new piece of research that just came my way on|technology to China,"" and says it's causing ""a|to buy now… and Interactive Brokers Group wasn’t|a reversal, albeit amidst prevailing downward pressure.Chart:|also reflect a bearish outlook, with the price trading|a bearish outlook, with the price trading in the"
14879,"Macro headlines, specific reference: GDP",0.24956329111836675,"economy by gross domestic product (GDP). It's|by gross domestic product (GDP). It's evident|gross domestic product (GDP). It's evident that|domestic product (GDP). It's evident that Ba|product (GDP). It's evident that Baidu|will be two (Fed) cuts, to one|be two (Fed) cuts, to one then|two (Fed) cuts, to one then to|indexes dropped last week afterinflation came in hotter|dropped last week afterinflation came in hotter-than|last week afterinflation came in hotter-than-ex|week afterinflation came in hotter-than-expected|now, the company's recentearnings callmade clear|, the company's recentearnings callmade clear that|the company's recentearnings callmade clear that it|company's recentearnings callmade clear that it would|'s recentearnings callmade clear that it would accelerate|Major indexes dropped last week afterinflation came in hot|artificial intelligence (AI)stock can skyrocket|ificial intelligence (AI)stock can skyrocket by","ides investors with an easy-to-follow blueprint for|with an easy-to-follow blueprint for success,|easy-to-follow blueprint for success, including guidance|-to-follow blueprint for success, including guidance on|-follow blueprint for success, including guidance on building|quadrupledthe return of S&P 500|Bowmanhas no position in any of the stocks mentioned.|in any of the stocks mentioned. The Motley Fo|in a note on Wednesday. ""For the record,|on Wednesday. ""For the record, we think delaying|of buys, so I won’t be surprised if|, so I won’t be surprised if they take some|ahead, according to JJ Kinahan, CEO of|but it isn't really panic time,"" Kinahan said|Editing by Will Dunham)|Dennis Kissler, senior vice president at BOK Financial|ler, senior vice president at BOK Financial, said|ki's research shows that, on average, stocks have|bulls haven't been shaken in a volatile April for|we would view it as completely thesis-changing, as"
12190,"Earnings and analyst expectations, specific reference: Boeing",0.44667745256097785,"initial public offering (IPO) 10 years|public offering (IPO) 10 years ago|offering (IPO) 10 years ago and|quarter, with earnings lagginganalyst' expectations.|, with earnings lagginganalyst' expectations. Core|with earnings lagginganalyst' expectations. Core income|earnings lagginganalyst' expectations. Core income per|lagginganalyst' expectations. Core income per share|6 billion. The adjusted-earnings estimate also got|organ Stanleyanalysts led by Keith Weiss identifiedMicrosoft|whistleBoeing(BA)shares extended their recent|Boeing(BA)shares extended their recent decline|eing(BA)shares extended their recent decline in|billion. The adjusted-earnings estimate also got a|. The adjusted-earnings estimate also got a twe|The adjusted-earnings estimate also got a tweak|adjusted-earnings estimate also got a tweak.|prospectsMeta'smarket capcurrently sits at a whopping|for either extreme, some analysts are|either extreme, some analysts are seeking","alternatives.We'll get an update from Arm next month|report comes out. Until then, expect continued volatility from|.Should you invest $1,000 in Arm|success, including guidance on building a portfolio, regular updates|on building a portfolio, regular updates from analysts, and|a portfolio, regular updates from analysts, and two new|volatility to shock higher, you need correlations to start picking|shock higher, you need correlations to start picking up,""|ki notes that higher rates haven't always been a bad|a higher interest rate environment, certainly higher than 0|environment than in a falling rate environment. The average annual|and inflation is proving tougher to bring down. Mort|believe the most likely outcome for the global economy is a|respondents believe a hard landing, where restrictive policy forces the|is hard to see how inflation will continue to slow down|to see how inflation will continue to slow down, and|will continue to slow down, and thus it is hard|early in earnings season, but a warning sign is flashing|reaction of more than 10% the next day|above the 3.1% average fall seen over"
11119,Price-to-earnings ratios,0.4212456492390511,", with a price-to-earnings growth, or|with a price-to-earnings growth, orPEG|a price-to-earnings growth, orPEG ratio|price-to-earnings growth, orPEG ratio,|-to-earnings growth, orPEG ratio, of|earnings on aprice-to-earnings basis. That|on aprice-to-earnings basis. That is|aprice-to-earnings basis. That is well|ice-to-earnings basis. That is well below|-to-earnings basis. That is well below the|economy by gross domestic product (GDP). It's|by gross domestic product (GDP). It's evident|gross domestic product (GDP). It's evident that|domestic product (GDP). It's evident that Ba|t a forward price-to-earnings (P/E|a forward price-to-earnings (P/E)|forward price-to-earnings (P/E) ratio|price-to-earnings (P/E) ratio of|-to-earnings (P/E) ratio of about|ock's trailing price-to-earnings (P/E","on 17 April, 2024|, and Arm has been among the winners. The chip|Arm has been among the winners. The chip designer,|been among the winners. The chip designer, known for|accelerate in 2025, but the update|2025, but the update shows that|AI-related demand.What's next for ArmHigh expectations|demand.What's next for ArmHigh expectations are built|the kind of eye-popping revenue growth as its collabor|have a bright future in AI as its CPU architecture is|requires less power than alternatives.We'll get an update|power than alternatives.We'll get an update from Arm|continued volatility from the stock as investors weigh its valuation with|volatility from the stock as investors weigh its valuation with the|oranalyst team just identified what they believe are|them. The 10 stocks that made the cut|originally published by The Motley Fool|, 2024. It covers the following|2024. It covers the following details|24. It covers the following details: In this"
4676,"Fed commentary, specific reference: Jerome Powell",0.12080454208287808,"ued from the article titled 'Fed Chair Jerome Powell|from the article titled 'Fed Chair Jerome Powell has|the article titled 'Fed Chair Jerome Powell has an|article titled 'Fed Chair Jerome Powell has an ‘|th-quarter revenuegrowth of 13% year|-quarter revenuegrowth of 13% year-on|economy by gross domestic product (GDP). It's|by gross domestic product (GDP). It's evident|gross domestic product (GDP). It's evident that|33 million on Monday,regulatory filings show|3 million on Monday,regulatory filings show.|million on Monday,regulatory filings show. He|on Monday,regulatory filings show. He already|Monday,regulatory filings show. He already cas|is a news article titled 'Fed Chair Jerome Powell|a news article titled 'Fed Chair Jerome Powell has|news article titled 'Fed Chair Jerome Powell has an|article titled 'Fed Chair Jerome Powell has an ‘|from its initial public offering (IPO) 1|its initial public offering (IPO) 10","which was even worse than ASML's 7.|was even worse than ASML's 7.1|% drop.Arm shares get spookedArtificial|demand.What's next for ArmHigh expectations are built|Nvidia. Still, the company figures to have a|, the company figures to have a bright future in AI|invest $1,000 in Arm Holdings right|1,000 in Arm Holdings right now?|has positions in and recommends ASML, Nvidia,|, and are now expecting just 1-2 rate|year, down from 6 cuts expected at the start|bad time to have a communication problem on the path of|sufficiently restrictive, instead of how many cuts are in the|, instead of how many cuts are in the pipeline,""|""halving"" event. Here's why that could|watch is an investment, Rolex's CEO says.|to $2,387.25 per|.25 per ounce.The 10-year|626%.Bitcoinslipped 1|26%.Bitcoinslipped 1."
22594,Market reactions to inflation and Fed actions,0.1883451356863201,"make that ""losses"")The news wasn't all|Major indexes dropped last week afterinflation came in hot|indexes dropped last week afterinflation came in hotter|dropped last week afterinflation came in hotter-than|last week afterinflation came in hotter-than-ex|week afterinflation came in hotter-than-expected|experts who were fairly confident theFed would make a|who were fairly confident theFed would make a number|were fairly confident theFed would make a number of|fairly confident theFed would make a number of cuts|confident theFed would make a number of cutsdown|'s (META) revenueforecast rattled investorse|(META) revenueforecast rattled investorseye|META) revenueforecast rattled investorseyeing|ETA) revenueforecast rattled investorseyeing the|said he believes analysts are ""Fed watching way too|he believes analysts are ""Fed watching way too much|believes analysts are ""Fed watching way too much right|analysts are ""Fed watching way too much right now|are ""Fed watching way too much right now.""","guidance on building a portfolio, regular updates from analysts,|on building a portfolio, regular updates from analysts, and|keep rates higher for longer unless the job market should ""|expecting just 1-2 rate cuts by the end|Approve Musk’s $56 Billion Pay Again|to hedge the downside or own low volatility instruments or|hedge the downside or own low volatility instruments or products|side or own low volatility instruments or products with defined outcomes|instruments or products with defined outcomes like buffered ETFs|2024, I thought the six-to-seven|senior vice president at BOK Financial, said in a|vice president at BOK Financial, said in a recent|sto expect that interest rates may remain higher than the previous|, BMO chief investment strategist Brian Belski|ist Brian Belski notes that higher rates haven't|0%-1% or 0%-2%,|el Kan, MBA's deputy chief economist, said in|to 6.90 % from 6.|-six percent of respondents to Bank of America's Global Fund|June 2023, the earliest date on"
23880,"Valuation ratios, specific reference: TSLA",0.38797387603453776,"(TSLA)shares stumbled badly until this week|TSLA)shares stumbled badly until this week amid|LA)shares stumbled badly until this week amid falling|average forward-looking price-to-earnings ratio of|forward-looking price-to-earnings ratio of 1|-looking price-to-earnings ratio of 17|price-to-earnings ratio of 17).|-to-earnings ratio of 17). It|Myers' forward price-to-earnings (P/E|' forward price-to-earnings (P/E)|forward price-to-earnings (P/E) ratio|price-to-earnings (P/E) ratio currently|-to-earnings (P/E) ratio currently sits|33 million on Monday,regulatory filings show|3 million on Monday,regulatory filings show.|million on Monday,regulatory filings show. He|on Monday,regulatory filings show. He already|Monday,regulatory filings show. He already cas|at a modest price-to-earnings ratio of|a modest price-to-earnings ratio of 2",", has seen revenue growth accelerate from the breakout technology|accelerate from the breakout technology.However, ASML|breakout technology.However, ASML's update this|As one of the most expensive in the sector, Arm|ty Images.ASML reported a sharp decline in revenue|revenue, and its guidance called for a continued decline in|guidance called for a continued decline in sales in the second|called for a continued decline in sales in the second quarter|stock soared in February after it promised accelerating revenue growth|. Still, the company figures to have a bright future|Still, the company figures to have a bright future in|the company figures to have a bright future in AI as|yst team just identified what they believe are|Why Arm Holdings Stock Took a Dive Today':|Holdings Stock Took a Dive Today': the1|regular updates from analysts, and two new stock picks each|new stock picks each month. TheStock Advisorservice|each month. TheStock Advisorservice hasmore than|2002*.Story continuesSee the|2002*.Story continuesSee the 1"
28395,"Analyst Sentiment, specific reference: Wall Street",0.3345968591933205,"offering (IPO), and revenue expectations are still modest|,"" Musk said.Wall Streetanalysts offered mixed|Musk said.Wall Streetanalysts offered mixed reaction|said.Wall Streetanalysts offered mixed reactionsto|.Wall Streetanalysts offered mixed reactionsto the|all Streetanalysts offered mixed reactionsto the earnings|Citi says.A bullishstock market signal just hint|iti says.A bullishstock market signal just hinted|says.A bullishstock market signal just hinted at|.A bullishstock market signal just hinted at|story. Friday and Monday’smarket actionbrought the|indexes dropped last week afterinflation came in hotter|dropped last week afterinflation came in hotter-than|last week afterinflation came in hotter-than-ex|week afterinflation came in hotter-than-expected|: Tesla(TSLA)shares stumbled badly until|Tesla(TSLA)shares stumbled badly until this|(TSLA)shares stumbled badly until this week|TSLA)shares stumbled badly until this week amid|LA)shares stumbled badly until this week amid falling","as much as 15% of China sales this|APL): In addition to current AI-powered|porate boardrooms have been quiet for three, four|bullish about the company’s opportunities in automotive semis|March)- New Zealand inflation (Q1)(By Jamie|.“We don’t practice any longer. We’re experts|ActionFromToMar 2022Wedb|diversified strategy works well through ups and downs of investment|strong refinancing and opportunistic issuance in the first|have driven customer conversations about our emerging offerings. Advisory and|of adjusted margin expansion in the quarter. With our commitment|expects fiscal second quarter 2024 net sales|Zealand inflation (Q1)(By Jamie McGeever|long term, Jonas believes that business units like “T|We’re particularly bullish about the company’s opportunities in|’re particularly bullish about the company’s opportunities in automotive|also remained committed to its dividend, making modest increases to|B: Are youinvesting in bondswith the|: Are youinvesting in bondswith the expectation|, Ros Russell, Alex Richardson, Deepa Babington"
11437,"Post-earnings reactions, specific reference: earnings",0.459163658004672,"6 billion. The adjusted-earnings estimate also got|billion. The adjusted-earnings estimate also got a|economy by gross domestic product (GDP). It's|by gross domestic product (GDP). It's evident|esthat caused thatstock to drop ahead of earnings season|hat caused thatstock to drop ahead of earnings season.In|to the situation as a ""price spiral,"" with rent|the situation as a ""price spiral,"" with rent increases|situation as a ""price spiral,"" with rent increases surpass|as a ""price spiral,"" with rent increases surpassing|quarter, with earnings lagginganalyst' expectations.|, with earnings lagginganalyst' expectations. Core|with earnings lagginganalyst' expectations. Core income|earnings lagginganalyst' expectations. Core income per|lagginganalyst' expectations. Core income per share|public offering (IPO) 10 years ago|offering (IPO) 10 years ago and|offering (IPO), and revenue expectations are still modest|share analysts were expecting.On theearnings call, CEO|analysts were expecting.On theearnings call, CEO Sat","Tesla Asks Investors to Approve Musk|la Asks Investors to Approve Musk’s $|defined outcomes like buffered ETFs.JB: Are|like buffered ETFs.JB: Are youin|buffered ETFs.JB: Are youinvest|%.Stocks havestruggled to reprisethe|, BMO chief investment strategist Brian Belski|, it is hard to see how inflation will continue to|10% the next day. This is well|, with the S&P 500 (^|believe that in order for the stock to appreciate further,|500 companies have reported first quarter results.|for Model 2, this may be perceived as a|AM PDTBrian SozziOne chart on Tesla says|PDTBrian SozziOne chart on Tesla says it|Micro Devices(NASDAQ: AMD)are|Research Stocks All Tumbled Todaywas originally published by|aily dalzanemdor versus placebo on the Wechs|dalzanemdor versus placebo on the Wechsler|ed Sage Therapeutics Stock Falls On Disappointing Parkinson"
15191,"Forward-looking P/E ratios, specific reference: Fed",0.4581563460786552,"story. Friday and Monday’smarket actionbrought the|average forward-looking price-to-earnings ratio of|forward-looking price-to-earnings ratio of 1|-looking price-to-earnings ratio of 17|for either extreme, some analysts are|either extreme, some analysts are seeking|extreme, some analysts are seeking price|'s forward-looking price-to-earnings (P/E|forward-looking price-to-earnings (P/E)|-looking price-to-earnings (P/E) ratio|entering a weaker labor market.""Fed officials raised interest|a weaker labor market.""Fed officials raised interest rates|weaker labor market.""Fed officials raised interest rates|labor market.""Fed officials raised interest rates 5|market.""Fed officials raised interest rates 52|falling.Bernstein lowered itsprice targetfrom $5|.Bernstein lowered itsprice targetfrom $59|ernstein lowered itsprice targetfrom $590|stein lowered itsprice targetfrom $590 to|stock price targets amid post-earnings plungeHowever","Arm Holdings, consider this:TheMotley Fool|:TheMotley Fool Stock Advisoranalyst|ervice hasmore than quadrupledthe return of S&P|was originally published by The Motley Fool|published by The Motley Fool|following the Federal Open Market Committee meeting in Washington. The|now expecting just 1-2 rate cuts by the|q Composite: 15,940.|5,940.95, up|,940.95, up 0|40.95, up 0.5|1% to $89.04 a|Benjamin: Are you diversifying out of theMagnific|of these positions had been held for a long while and|We outright sold Marvell Technology, Broadcom,|youinvesting in bondswith the expectation forrate|: Coming in to 2024, I|e index, which measures the market's expectations of correlation|) fell more than 7% in New York after|4%, compared to an average annual return of 1"
12481,"Post-earnings reactions, specific reference: Wall Street analysts",0.42704138956237747,"Musk said.Wall Streetanalysts offered mixed reaction|said.Wall Streetanalysts offered mixed reactionsto|.Wall Streetanalysts offered mixed reactionsto the|all Streetanalysts offered mixed reactionsto the earnings|, risingoil prices, robustretail sales numbers|into the first-quarter-earnings reports.The analyst|the first-quarter-earnings reports.The analyst says|first-quarter-earnings reports.The analyst says investor|-quarter-earnings reports.The analyst says investor sentiment|arter-earnings reports.The analyst says investor sentiment is|quarter, with earnings lagginganalyst' expectations.|, with earnings lagginganalyst' expectations. Core|with earnings lagginganalyst' expectations. Core income|earnings lagginganalyst' expectations. Core income per|’s recent post-earnings rally.The E|recent post-earnings rally.The Earnings|recent post-earnings rally.The Earnings Report|cent post-earnings rally.The Earnings Report Was|post-earnings rally.The Earnings Report Was Not|Amazon's fourth-quarter-earnings call on Feb","company has a tremendous level of financial flexibility and is in|2005... if|has smart tools that let businesses dig through their data to|023, concentration in a handful of megac|to get richer is to research and buy individual stocks.|999 and is now a key player in developing|2004. It has a lot of|8. Newcomers will|02*.See the 10 stocks*Stock|, and robotics. Wood maintains that companies in those|is still the same business it was yesterday. It has|005... if you invested $1,0|05... if you invested $|40.47%7/15/|levels. Moreover, it's the lowest-valued stock in|2002*.See the 10|who believe that Trump's touch is gold, or thought|Undervalued Stocks to Buy and Hold Forever|.Priced at more than $600,|02*.See the 10 stocks »*"
27513,"Revenue sources, specific reference: automobiles",0.3508488946695035,"% of the company’s revenue comes from|of the company’s revenue comes from selling|the company’s revenue comes from selling automobiles|company’s revenue comes from selling automobiles.E|’s revenue comes from selling automobiles.Ener|and earnings (make that ""losses"")The news|earnings (make that ""losses"")The news wasn|Are AboutPhoto: ShutterstockLatest Ratings for|AboutPhoto: ShutterstockLatest Ratings for NFL|Photo: ShutterstockLatest Ratings for NFLX|: ShutterstockLatest Ratings for NFLXDate|-touted June timeline.""Fed Chair Powell moved|outed June timeline.""Fed Chair Powell moved more|ed June timeline.""Fed Chair Powell moved more decided|June timeline.""Fed Chair Powell moved more decidedly|timeline.""Fed Chair Powell moved more decidedly in|6 billion. The adjusted-earnings estimate also got|billion. The adjusted-earnings estimate also got a|. The adjusted-earnings estimate also got a twe|loomberg/Getty ImagesFed Vice Chairman Philip","the chin today after a disappointing earnings report fromASML|CPU architecture, has seen revenue growth accelerate from the break|water on the sector and led to a broad sell-off|the sector and led to a broad sell-off in AI|February after it promised accelerating revenue growth due to AI-related|after it promised accelerating revenue growth due to AI-related demand|buy stock in Arm Holdings, consider this:TheMot|team just identified what they believe are|stocksfor investors to buy now… and Arm Holdings wasn|for investors to buy now… and Arm Holdings wasn’t|buy now… and Arm Holdings wasn’t one of them|and Arm Holdings wasn’t one of them. The|Advisorprovides investors with an easy-to-follow|investors with an easy-to-follow blueprint for success|with an easy-to-follow blueprint for success,|an easy-to-follow blueprint for success, including|a portfolio, regular updates from analysts, and two new|portfolio, regular updates from analysts, and two new stock|or returns as of April 15, 2|emy Bowmanhas no position in any of the stocks mentioned"
5521,"Post-earnings reactions, specific reference: Culp",0.5,"from its initial public offering (IPO) 1|its initial public offering (IPO) 10|initial public offering (IPO) 10 years|public offering (IPO) 10 years ago|offering (IPO) 10 years ago and|and Monday’smarket actionbrought the largest two day|stock price targets amid post-earnings plungeHowever|price targets amid post-earnings plungeHowever,|targets amid post-earnings plungeHowever, Hum|amid post-earnings plungeHowever, Humana|post-earnings plungeHowever, Humana withdrew|reportedfourth-quarter revenuegrowth of 13|fourth-quarter revenuegrowth of 13%|th-quarter revenuegrowth of 13% year|-quarter revenuegrowth of 13% year-on|stock price targets amid post-earnings plungeC|price targets amid post-earnings plungeCulp|targets amid post-earnings plungeCulp said|amid post-earnings plungeCulp said that|post-earnings plungeCulp said that the","ASML, Nvidia, and Taiwan Semiconductor|, Nvidia, and Taiwan Semiconductor Manufacturing.|Federal Reserve Chairman Jerome Powell speaks following the Federal Open Market|the Federal Open Market Committee meeting in Washington. The Federal|from some geopolitical event, I would use that|ical event, I would use that as a buying opportunity|Coming in to 2024, I thought|Editing by Will Dunham)|reason the Fed would keep rates lower or cut them would|, increased rates might not be so bad for stocks,|5% range [on the|downward path may have stalled and the Fed could cut rates|current restrictive stance of policy for longer. I am fully|December meeting. More people are looking for rate cuts than|robotaxi in its development and what a realistic timeline|axi in its development and what a realistic timeline for|in late 2024.Topline data from|late 2024.Topline data from the|024.Topline data from the DIMENSION|as they attract more money into the market and encourage investors"
